Kulbicki,MEOW,ID,NA_,Lon,Lat,Management,RetentC,RetentP,RetentR,RetentT,RetentC5,RetentP5,RetentR15,RetentT15,OutflowC5,OutflowP5,OutflowR15,OutflowT15,InflowC5,InflowP5,InflowR15,InflowT15,OutDegC5,OutDegP5,OutDegR15,OutDegT15,InDegC5,InDegP5,InDegR15,InDegT15,OutflowC,OutflowP,OutflowR,OutflowT,InflowC,InflowP,InflowR,InflowT,OutDegC,OutDegP,OutDegR,OutDegT,InDegC,InDegP,InDegR,InDegT,NetflowC5,NetflowR15,NetflowP5,NetflowT15,NetflowC,NetflowR,NetflowP,NetflowT,source_cell_id,cell_id,netflow,sovereign_state,protected,in_mpa,in_oecm,protection_class,n_cells,q25_netflow,q75_netflow,is_country_sink,is_country_source,is_wio_sink,is_wio_source
Western Indian,Red Sea and Gulf of Aden,5233,V5233,43.56,11.5,Fished,0,0,0,0,65,66,5,15,1645,1050,517,579,288,154,60,39,37,19,45,18,17,3,26,2,255,552,380,165,15,26,15,0,26,20,20,8,2,1,1,0,0.702017589,0.79202773,0.744186047,0.873786408,0.888888889,0.924050633,0.910034602,1,5233,CELL005233,0.702017589,Somalia,FALSE,FALSE,FALSE,Unprotected,22,-0.24193630225,0.24891961025,FALSE,TRUE,FALSE,TRUE
Western Indian,Red Sea and Gulf of Aden,5238,V5238,43.64,11.42,Fished,0,0,0,0,12,0,0,0,875,358,688,585,135,20,0,0,73,37,94,44,5,1,0,0,745,1238,945,525,0,0,0,0,64,43,43,17,0,0,0,0,0.732673267,1,0.894179894,1,1,1,1,1,5238,CELL005238,0.732673267,Somalia,FALSE,FALSE,FALSE,Unprotected,22,-0.24193630225,0.24891961025,FALSE,TRUE,FALSE,TRUE
Western Indian,Red Sea and Gulf of Aden,5239,V5239,43.56,11.42,Fished,0,0,0,0,3,0,0,0,571,278,541,534,248,26,23,0,67,18,72,36,14,3,8,0,610,1174,885,480,0,0,0,0,54,41,41,14,0,0,0,0,0.394383394,0.918439716,0.828947368,1,1,1,1,1,5239,CELL005239,0.394383394,Somalia,FALSE,FALSE,FALSE,Unprotected,22,-0.24193630225,0.24891961025,FALSE,TRUE,FALSE,TRUE
Western Indian,Red Sea and Gulf of Aden,5240,V5240,43.72,11.02,Fished,0,0,0,0,23,0,0,0,746,256,528,381,415,28,79,21,41,17,43,16,25,6,19,3,335,694,435,135,20,0,0,15,28,26,26,4,2,0,0,1,0.285099053,0.73970346,0.802816901,0.895522388,0.887323944,1,1,0.8,5240,CELL005240,0.285099053,Somalia,FALSE,FALSE,FALSE,Unprotected,22,-0.24193630225,0.24891961025,FALSE,TRUE,FALSE,FALSE
Western Indian,Red Sea and Gulf of Aden,5241,V5241,43.72,11.1,Fished,0,0,0,0,2,0,1,0,695,290,475,561,1090,362,411,0,55,27,73,37,41,6,99,0,495,1276,890,525,25,2146,1915,0,43,46,46,20,5,69,69,0,-0.221288515,0.072234763,-0.110429448,1,0.903846154,-0.365418895,-0.254237288,1,5241,CELL005241,-0.221288515,Somalia,FALSE,FALSE,FALSE,Unprotected,22,-0.24193630225,0.24891961025,FALSE,FALSE,TRUE,FALSE
Western Indian,Red Sea and Gulf of Aden,5242,V5242,43.64,11.1,Fished,0,0,0,0,152,0,0,0,849,198,434,441,465,80,52,3,56,19,62,29,17,5,15,1,370,1078,795,510,40,26,15,0,28,38,38,21,5,1,1,0,0.292237443,0.78600823,0.424460432,0.986486486,0.804878049,0.962962963,0.952898551,1,5242,CELL005242,0.292237443,Somalia,FALSE,FALSE,FALSE,Unprotected,22,-0.24193630225,0.24891961025,FALSE,TRUE,FALSE,FALSE
Western Indian,Red Sea and Gulf of Aden,5243,V5243,43.64,11.18,Fished,0,0,0,0,110,50,0,0,1382,574,514,468,139,52,8,0,52,29,71,27,6,2,2,0,640,1100,850,540,0,0,0,0,48,38,38,19,0,0,0,0,0.81722551,0.969348659,0.833865815,1,1,1,1,1,5243,CELL005243,0.81722551,Somalia,FALSE,FALSE,FALSE,Unprotected,22,-0.24193630225,0.24891961025,FALSE,TRUE,FALSE,TRUE
Western Indian,Somali/Arabian,5980,V5980,45.88,2.3,Fished,15,0,0,0,374,0,65,0,1088,198,357,6,861,18,346,171,14,6,16,2,11,1,13,3,200,286,215,0,185,214,185,15,12,10,10,0,9,7,7,1,0.116469985,0.015647226,0.833333333,-0.93220339,0.038961039,0.075,0.144,-1,5980,CELL005980,0.116469985,Somalia,FALSE,FALSE,FALSE,Unprotected,22,-0.24193630225,0.24891961025,FALSE,FALSE,FALSE,FALSE
Western Indian,Somali/Arabian,5981,V5981,46.04,2.38,Fished,5,0,0,0,130,14,4,0,658,150,142,0,496,138,192,30,5,5,6,0,8,2,8,1,25,74,85,0,20,110,75,0,3,2,2,0,3,4,4,0,0.140381282,-0.149700599,0.041666667,-1,0.111111111,0.0625,-0.195652174,NA,5981,CELL005981,0.140381282,Somalia,FALSE,FALSE,FALSE,Unprotected,22,-0.24193630225,0.24891961025,FALSE,FALSE,FALSE,FALSE
Western Indian,Western Indian Ocean,14048,V14048,54.52,-15.86,Fished,65,60,100,75,1002,624,300,312,1002,626,302,318,1164,796,468,588,1,2,2,3,19,9,29,21,85,114,135,75,380,502,405,300,2,3,3,1,27,17,17,12,-0.074792244,-0.215584416,-0.11954993,-0.298013245,-0.634408602,-0.5,-0.62987013,-0.6,14048,CELL014048,-0.074792244,France,FALSE,FALSE,FALSE,Unprotected,54,-0.31484398975,0.4384915245,FALSE,FALSE,FALSE,FALSE
Western Indian,Western Indian Ocean,14049,V14049,54.52,-15.94,Fished,100,44,60,75,309,216,147,168,756,616,380,297,1309,880,741,597,6,6,8,5,45,24,60,31,320,202,205,240,800,1430,1125,315,6,6,6,5,50,49,49,10,-0.26779661,-0.322033898,-0.176470588,-0.33557047,-0.428571429,-0.691729323,-0.75245098,-0.135135135,14049,CELL014049,-0.26779661,France,FALSE,FALSE,FALSE,Unprotected,54,-0.31484398975,0.4384915245,FALSE,FALSE,TRUE,FALSE
Western Indian,Western Indian Ocean,14050,V14050,59.56,-16.26,Fished,30,28,20,30,426,238,117,144,1424,1090,332,357,1203,736,555,321,6,6,8,5,36,17,51,15,130,178,145,30,795,1302,955,150,6,6,6,1,40,46,46,7,0.08412638,-0.251409245,0.193866375,0.053097345,-0.718918919,-0.736363636,-0.759459459,-0.666666667,14050,CELL014050,0.08412638,Mauritius,FALSE,FALSE,FALSE,Unprotected,34,-0.18728244825,0.07015758125,FALSE,TRUE,FALSE,FALSE
Western Indian,Western Indian Ocean,14051,V14051,59.48,-16.58,Fished,55,38,45,0,324,350,43,30,1040,838,264,156,1101,992,556,285,6,6,6,5,45,31,60,22,220,220,200,120,585,1378,1045,165,6,7,7,4,46,48,48,7,-0.028491359,-0.356097561,-0.084153005,-0.292517007,-0.453416149,-0.678714859,-0.72465582,-0.157894737,14051,CELL014051,-0.028491359,Mauritius,FALSE,FALSE,FALSE,Unprotected,34,-0.18728244825,0.07015758125,FALSE,FALSE,FALSE,FALSE
Western Indian,Western Indian Ocean,14052,V14052,56.68,-10.5,Fished,230,68,120,45,645,582,193,294,645,582,193,294,678,654,242,297,1,1,1,1,4,5,5,2,230,68,120,45,350,120,150,45,1,1,1,1,5,3,3,1,-0.024943311,-0.112643678,-0.058252427,-0.005076142,-0.206896552,-0.111111111,-0.276595745,0,14052,CELL014052,-0.024943311,Mauritius,FALSE,FALSE,FALSE,Unprotected,34,-0.18728244825,0.07015758125,FALSE,FALSE,FALSE,FALSE
Western Indian,Western Indian Ocean,14053,V14053,56.6,-10.42,Fished,0,0,0,0,201,0,0,0,267,2,19,0,391,158,7,0,13,1,12,0,2,1,6,0,45,184,110,0,5,132,80,0,7,7,7,0,1,5,5,0,-0.188449848,0.461538462,-0.975,NA,0.8,0.157894737,0.164556962,NA,14053,CELL014053,-0.188449848,Mauritius,FALSE,FALSE,FALSE,Unprotected,34,-0.18728244825,0.07015758125,TRUE,FALSE,TRUE,FALSE
Western Indian,Western Indian Ocean,14054,V14054,59.64,-16.18,Fished,0,0,0,0,256,252,3,0,449,410,13,0,329,276,43,36,4,2,8,0,7,8,11,7,70,104,60,0,15,242,155,90,9,4,4,0,2,9,9,3,0.154241645,-0.535714286,0.195335277,-1,0.647058824,-0.441860465,-0.398843931,-1,14054,CELL014054,0.154241645,Mauritius,FALSE,FALSE,FALSE,Unprotected,34,-0.18728244825,0.07015758125,FALSE,TRUE,FALSE,FALSE
Western Indian,Western Indian Ocean,14055,V14055,59.64,-16.66,Fished,0,0,0,0,197,230,30,30,935,852,243,246,905,1004,338,429,13,11,22,13,21,10,21,11,75,316,190,60,90,170,125,135,9,12,12,3,10,6,6,5,0.016304348,-0.163511188,-0.081896552,-0.271111111,-0.090909091,0.206349206,0.300411523,-0.384615385,14055,CELL014055,0.016304348,Mauritius,FALSE,FALSE,FALSE,Unprotected,34,-0.18728244825,0.07015758125,FALSE,FALSE,FALSE,FALSE
Western Indian,Western Indian Ocean,14057,V14057,59.72,-16.66,Fished,0,0,0,0,38,4,2,0,586,578,90,111,2785,2506,567,486,17,13,18,10,22,12,18,13,70,240,150,15,300,450,475,75,7,9,9,1,14,13,13,4,-0.652328686,-0.726027397,-0.625162127,-0.628140704,-0.621621622,-0.52,-0.304347826,-0.666666667,14057,CELL014057,-0.652328686,Mauritius,FALSE,FALSE,FALSE,Unprotected,34,-0.18728244825,0.07015758125,TRUE,FALSE,TRUE,FALSE
Western Indian,Western Indian Ocean,14058,V14058,59.64,-16.42,Fished,0,0,0,0,109,72,17,24,600,640,246,372,988,700,413,489,18,15,17,16,22,14,22,15,175,260,200,420,155,308,220,15,8,9,9,8,11,11,11,1,-0.244332494,-0.253414264,-0.044776119,-0.135888502,0.060606061,-0.047619048,-0.084507042,0.931034483,14058,CELL014058,-0.244332494,Mauritius,FALSE,FALSE,FALSE,Unprotected,34,-0.18728244825,0.07015758125,TRUE,FALSE,TRUE,FALSE
Western Indian,Western Indian Ocean,14059,V14059,59.64,-16.34,Fished,0,0,0,0,90,98,2,0,864,946,205,249,438,114,222,144,19,10,17,8,22,6,21,14,205,316,240,105,90,52,30,75,12,11,11,4,9,2,2,4,0.32718894,-0.039812646,0.78490566,0.267175573,0.389830508,0.777777778,0.717391304,0.166666667,14059,CELL014059,0.32718894,Mauritius,FALSE,FALSE,FALSE,Unprotected,34,-0.18728244825,0.07015758125,FALSE,TRUE,FALSE,TRUE
Western Indian,Western Indian Ocean,14060,V14060,59.72,-16.5,Fished,0,0,0,0,68,102,61,120,325,194,196,243,283,466,182,465,14,5,17,6,6,5,6,6,55,80,50,0,5,0,0,0,4,3,3,0,1,0,0,0,0.069078947,0.037037037,-0.412121212,-0.313559322,0.833333333,1,1,NA,14060,CELL014060,0.069078947,Mauritius,FALSE,FALSE,FALSE,Unprotected,34,-0.18728244825,0.07015758125,FALSE,FALSE,FALSE,FALSE
Western Indian,Western Indian Ocean,14061,V14061,59.56,-16.74,Fished,0,0,0,0,45,26,9,24,309,362,193,408,261,384,30,66,16,5,16,6,6,6,6,6,105,116,90,0,5,0,0,0,8,4,4,0,1,0,0,0,0.084210526,0.730941704,-0.029490617,0.721518987,0.909090909,1,1,NA,14061,CELL014061,0.084210526,Mauritius,FALSE,FALSE,FALSE,Unprotected,34,-0.18728244825,0.07015758125,FALSE,TRUE,FALSE,FALSE
Western Indian,Western Indian Ocean,14062,V14062,59.48,-16.82,Fished,0,0,0,0,118,46,17,30,381,260,135,102,581,488,269,780,14,4,14,8,6,6,6,6,10,80,50,0,0,0,0,0,1,3,3,0,0,0,0,0,-0.207900208,-0.331683168,-0.304812834,-0.768707483,1,1,1,NA,14062,CELL014062,-0.207900208,Mauritius,FALSE,FALSE,FALSE,Unprotected,34,-0.18728244825,0.07015758125,TRUE,FALSE,TRUE,FALSE
Western Indian,Western Indian Ocean,14063,V14063,59.56,-16.5,Fished,5,0,0,0,16,26,18,45,301,328,165,318,220,230,88,162,14,5,16,6,6,6,6,6,60,26,15,0,5,0,0,0,8,1,1,0,1,0,0,0,0.15547025,0.304347826,0.17562724,0.325,0.846153846,1,1,NA,14063,CELL014063,0.15547025,Mauritius,FALSE,FALSE,FALSE,Unprotected,34,-0.18728244825,0.07015758125,FALSE,TRUE,FALSE,FALSE
Western Indian,Western Indian Ocean,14064,V14064,59.56,-16.58,Fished,15,0,0,0,6,12,2,0,278,368,232,342,100,92,50,45,14,5,14,5,6,4,6,5,105,54,35,0,25,0,0,0,8,2,2,0,3,0,0,0,0.470899471,0.645390071,0.6,0.76744186,0.615384615,1,1,NA,14064,CELL014064,0.470899471,Mauritius,FALSE,FALSE,FALSE,Unprotected,34,-0.18728244825,0.07015758125,FALSE,TRUE,FALSE,TRUE
Western Indian,Western Indian Ocean,14066,V14066,35.32,-24.5,Fished,15,0,0,0,34,2,11,0,262,156,149,171,138,8,79,51,13,6,15,8,6,3,6,5,110,54,35,15,105,52,30,0,11,2,2,1,5,2,2,0,0.31,0.307017544,0.902439024,0.540540541,0.023255814,0.076923077,0.018867925,1,14066,CELL014066,0.31,Mozambique,FALSE,FALSE,FALSE,Unprotected,110,-0.031222615250000002,0.30777515725,FALSE,TRUE,FALSE,TRUE
Western Indian,Western Indian Ocean,14067,V14067,35.32,-21.46,MPA,5,0,0,0,46,40,3,12,673,688,218,396,571,472,223,261,19,10,19,16,19,14,21,15,175,382,255,300,130,140,100,75,13,14,14,8,13,5,5,4,0.081993569,-0.011337868,0.186206897,0.205479452,0.147540984,0.436619718,0.463601533,0.6,14067,CELL014067,0.081993569,Mozambique,TRUE,TRUE,FALSE,MPA only,110,-0.031222615250000002,0.30777515725,FALSE,FALSE,FALSE,FALSE
Western Indian,Western Indian Ocean,14069,V14069,32.92,-26.9,MPA,0,0,0,0,122,160,34,30,1101,992,321,240,780,714,398,297,20,13,24,11,22,9,21,11,225,530,375,225,85,78,45,15,14,19,19,6,9,3,3,1,0.170653907,-0.107093185,0.162954279,-0.106145251,0.451612903,0.785714286,0.743421053,0.875,14069,CELL014069,0.170653907,South Africa,TRUE,TRUE,FALSE,MPA only,1,0.170653907,0.170653907,FALSE,FALSE,FALSE,FALSE
Western Indian,Western Indian Ocean,14070,V14070,35.32,-21.54,MPA,0,0,0,0,140,62,15,21,2026,1560,428,504,1014,688,360,594,16,15,16,14,22,15,22,17,145,256,240,75,165,160,100,225,9,8,8,3,9,6,6,5,0.332894737,0.086294416,0.387900356,-0.081967213,-0.064516129,0.411764706,0.230769231,-0.5,14070,CELL014070,0.332894737,Mozambique,TRUE,TRUE,FALSE,MPA only,110,-0.031222615250000002,0.30777515725,FALSE,TRUE,FALSE,TRUE
Western Indian,Western Indian Ocean,14071,V14071,35.24,-21.46,Fished,50,28,20,90,1037,502,127,93,2728,2314,856,1035,2612,1688,918,681,15,13,17,16,18,16,22,18,405,442,405,270,500,464,410,435,13,14,14,7,16,15,15,8,0.021722846,-0.034949267,0.156421789,0.206293706,-0.104972376,-0.006134969,-0.024282561,-0.234042553,14071,CELL014071,0.021722846,Mozambique,FALSE,FALSE,FALSE,Unprotected,110,-0.031222615250000002,0.30777515725,FALSE,FALSE,FALSE,FALSE
Western Indian,Western Indian Ocean,14072,V14072,32.92,-26.82,Fished,0,0,0,0,176,202,8,0,707,632,144,111,405,558,71,171,14,8,21,10,11,9,10,7,160,342,255,90,10,54,35,0,7,12,12,5,2,2,2,0,0.271582734,0.339534884,0.062184874,-0.212765957,0.882352941,0.75862069,0.727272727,1,14072,CELL014072,0.271582734,Mozambique,TRUE,TRUE,FALSE,MPA only,110,-0.031222615250000002,0.30777515725,FALSE,FALSE,FALSE,FALSE
Western Indian,Western Indian Ocean,14074,V14074,35.56,-22.1,Fished,0,0,0,0,104,104,8,12,508,402,186,165,567,542,93,192,14,12,17,10,16,10,13,10,150,184,110,165,20,112,80,15,11,7,7,5,4,4,4,1,-0.054883721,0.333333333,-0.148305085,-0.075630252,0.764705882,0.157894737,0.243243243,0.833333333,14074,CELL014074,-0.054883721,Mozambique,TRUE,TRUE,FALSE,MPA only,110,-0.031222615250000002,0.30777515725,TRUE,FALSE,FALSE,FALSE
Western Indian,Western Indian Ocean,14075,V14075,35.48,-21.86,MPA,145,32,30,30,139,126,133,54,2014,1458,910,1020,1307,988,928,807,16,14,20,15,20,14,21,16,465,344,310,240,790,486,465,330,13,11,11,8,18,15,15,9,0.212887684,-0.009793254,0.19215045,0.116584565,-0.258964143,-0.2,-0.171084337,-0.157894737,14075,CELL014075,0.212887684,Mozambique,TRUE,TRUE,FALSE,MPA only,110,-0.031222615250000002,0.30777515725,FALSE,FALSE,FALSE,FALSE
Western Indian,Western Indian Ocean,14076,V14076,35.56,-22.02,Fished,0,0,0,0,29,4,2,0,362,178,211,255,292,420,55,30,15,12,18,11,12,7,14,5,100,190,125,45,5,106,65,30,8,7,7,3,1,4,4,1,0.107033639,0.586466165,-0.404682274,0.789473684,0.904761905,0.315789474,0.283783784,0.2,14076,CELL014076,0.107033639,Mozambique,TRUE,TRUE,FALSE,MPA only,110,-0.031222615250000002,0.30777515725,FALSE,FALSE,FALSE,FALSE
Western Indian,Western Indian Ocean,14077,V14077,32.92,-25.94,Fished,95,64,110,30,1024,944,153,195,1976,1586,660,621,2105,1728,475,693,13,11,17,12,12,9,15,15,335,536,540,45,380,466,465,390,9,16,16,2,16,14,14,9,-0.0316099,0.162995595,-0.042848521,-0.054794521,-0.062937063,0.074626866,0.069860279,-0.793103448,14077,CELL014077,-0.0316099,Mozambique,TRUE,TRUE,FALSE,MPA only,110,-0.031222615250000002,0.30777515725,TRUE,FALSE,FALSE,FALSE
Western Indian,Western Indian Ocean,14078,V14078,55.32,-21.3,Fished,50,28,20,15,197,304,58,117,1680,1416,671,846,1365,1488,635,942,14,11,21,15,18,14,20,15,445,472,430,315,505,574,485,315,12,15,15,7,20,19,19,10,0.103448276,0.027565084,-0.024793388,-0.053691275,-0.063157895,-0.06010929,-0.09751434,0,14078,CELL014078,0.103448276,France,TRUE,TRUE,FALSE,MPA only,54,-0.31484398975,0.4384915245,FALSE,FALSE,FALSE,FALSE
Western Indian,Western Indian Ocean,14079,V14079,55.24,-21.22,Fished,20,0,0,0,62,34,21,27,429,292,231,249,858,552,134,183,16,10,18,12,11,11,16,9,95,274,185,0,150,304,210,60,8,10,10,0,13,11,11,3,-0.333333333,0.265753425,-0.308056872,0.152777778,-0.224489796,-0.063291139,-0.051903114,-1,14079,CELL014079,-0.333333333,France,TRUE,TRUE,FALSE,MPA only,54,-0.31484398975,0.4384915245,TRUE,FALSE,TRUE,FALSE
Western Indian,Western Indian Ocean,14080,V14080,57.72,-19.86,Fished,5,0,0,0,30,52,6,24,296,266,175,294,722,616,215,294,15,12,18,16,14,14,16,12,65,170,125,0,105,212,130,105,8,6,6,0,11,8,8,3,-0.418467583,-0.102564103,-0.396825397,0,-0.235294118,-0.019607843,-0.109947644,-1,14080,CELL014080,-0.418467583,Mauritius,FALSE,FALSE,FALSE,Unprotected,34,-0.18728244825,0.07015758125,TRUE,FALSE,TRUE,FALSE
Western Indian,Western Indian Ocean,14081,V14081,57.48,-20.02,Fished,0,0,0,0,8,0,2,0,587,346,383,132,570,352,114,57,30,20,34,8,31,16,29,10,140,458,345,15,55,0,0,0,15,16,16,1,9,0,0,0,0.014693172,0.541247485,-0.008595989,0.396825397,0.435897436,1,1,1,14081,CELL014081,0.014693172,Mauritius,FALSE,FALSE,FALSE,Unprotected,34,-0.18728244825,0.07015758125,FALSE,FALSE,FALSE,FALSE
Western Indian,Western Indian Ocean,14082,V14082,57.56,-19.94,Fished,0,0,0,0,31,60,2,0,790,816,206,126,925,908,151,39,28,15,31,4,35,15,37,9,35,216,140,60,80,138,95,30,5,8,8,2,12,5,5,2,-0.078717201,0.154061625,-0.053364269,0.527272727,-0.391304348,0.191489362,0.220338983,0.333333333,14082,CELL014082,-0.078717201,Mauritius,FALSE,FALSE,FALSE,Unprotected,34,-0.18728244825,0.07015758125,FALSE,FALSE,FALSE,FALSE
Western Indian,Western Indian Ocean,14083,V14083,57.8,-19.78,Fished,0,0,0,0,4,0,1,0,730,700,215,60,1566,928,211,93,24,14,37,5,34,21,36,12,80,224,160,0,130,388,270,45,8,8,8,0,15,14,14,3,-0.364111498,0.009389671,-0.14004914,-0.215686275,-0.238095238,-0.255813953,-0.267973856,-1,14083,CELL014083,-0.364111498,Mauritius,FALSE,FALSE,FALSE,Unprotected,34,-0.18728244825,0.07015758125,TRUE,FALSE,TRUE,FALSE
Western Indian,Western Indian Ocean,14084,V14084,63.4,-19.86,Fished,0,26,15,0,7,6,9,0,578,526,317,129,760,244,165,30,33,18,34,8,29,12,29,4,75,312,230,0,140,26,15,45,11,11,11,0,14,1,1,1,-0.136023916,0.315352697,0.366233766,0.622641509,-0.302325581,0.87755102,0.846153846,-1,14084,CELL014084,-0.136023916,Mauritius,FALSE,FALSE,FALSE,Unprotected,34,-0.18728244825,0.07015758125,FALSE,FALSE,FALSE,FALSE
Western Indian,Western Indian Ocean,14085,V14085,63.32,-19.86,Fished,5,0,0,0,5,8,10,0,472,342,243,87,470,384,266,126,31,18,35,7,34,23,36,15,130,180,150,0,70,346,215,0,14,6,6,0,12,13,13,0,0.002123142,-0.04518664,-0.05785124,-0.183098592,0.3,-0.178082192,-0.315589354,NA,14085,CELL014085,0.002123142,Mauritius,FALSE,FALSE,FALSE,Unprotected,34,-0.18728244825,0.07015758125,FALSE,FALSE,FALSE,FALSE
Western Indian,Western Indian Ocean,14086,V14086,63.48,-19.62,Fished,0,26,15,0,11,20,4,0,351,270,216,72,741,840,390,399,27,18,34,7,35,23,37,16,145,230,175,0,160,466,415,0,14,8,8,0,17,15,15,0,-0.357142857,-0.287128713,-0.513513514,-0.694267516,-0.049180328,-0.406779661,-0.33908046,NA,14086,CELL014086,-0.357142857,Mauritius,FALSE,FALSE,FALSE,Unprotected,34,-0.18728244825,0.07015758125,TRUE,FALSE,TRUE,FALSE
Western Indian,Western Indian Ocean,14087,V14087,63.32,-19.78,Fished,50,30,25,0,22,32,12,15,254,296,202,135,783,600,415,492,26,16,36,11,38,25,40,23,155,242,155,0,320,278,195,0,15,9,9,0,17,10,10,0,-0.510125362,-0.345218801,-0.339285714,-0.56937799,-0.347368421,-0.114285714,-0.069230769,NA,14087,CELL014087,-0.510125362,Mauritius,FALSE,FALSE,FALSE,Unprotected,34,-0.18728244825,0.07015758125,TRUE,FALSE,TRUE,FALSE
Western Indian,Western Indian Ocean,14089,V14089,63.4,-19.62,Fished,0,0,0,0,0,0,0,0,630,478,684,354,666,446,251,249,122,32,131,27,51,34,60,44,1440,2684,2460,645,245,130,75,45,101,85,85,19,21,5,5,2,-0.027777778,0.463101604,0.034632035,0.174129353,0.709198813,0.940828402,0.907604833,0.869565217,14089,CELL014089,-0.027777778,Mauritius,FALSE,FALSE,FALSE,Unprotected,34,-0.18728244825,0.07015758125,FALSE,FALSE,FALSE,FALSE
Western Indian,Western Indian Ocean,14090,V14090,57.64,-19.86,Fished,0,0,0,0,0,0,0,0,797,410,929,354,692,828,532,1056,148,54,156,43,54,50,78,68,2180,4182,3655,945,190,428,270,210,130,136,136,42,24,16,16,13,0.070517126,0.271731691,-0.337641357,-0.49787234,0.839662447,0.862420382,0.814316703,0.636363636,14090,CELL014090,0.070517126,Mauritius,FALSE,FALSE,FALSE,Unprotected,34,-0.18728244825,0.07015758125,FALSE,TRUE,FALSE,FALSE
Western Indian,Western Indian Ocean,14091,V14091,57.8,-19.86,Fished,0,0,0,0,0,0,0,0,682,414,791,270,687,936,446,876,122,52,132,40,54,50,71,69,1820,3720,3050,870,275,236,140,135,112,125,125,41,28,9,9,9,-0.003652301,0.278900566,-0.386666667,-0.528795812,0.737470167,0.912225705,0.880687563,0.731343284,14091,CELL014091,-0.003652301,Mauritius,FALSE,FALSE,FALSE,Unprotected,34,-0.18728244825,0.07015758125,FALSE,FALSE,FALSE,FALSE
Western Indian,Western Indian Ocean,14092,V14092,57.8,-20.1,Fished,0,0,0,0,11,30,0,0,720,616,636,417,371,272,152,216,122,39,134,34,41,30,54,34,1580,3552,2930,630,140,54,35,15,107,119,119,16,15,2,2,1,0.319890009,0.614213198,0.387387387,0.317535545,0.837209302,0.976391231,0.970049917,0.953488372,14092,CELL014092,0.319890009,Mauritius,FALSE,FALSE,FALSE,Unprotected,34,-0.18728244825,0.07015758125,FALSE,TRUE,FALSE,TRUE
Western Indian,Western Indian Ocean,14093,V14093,57.8,-20.18,Fished,0,0,0,0,0,0,0,0,624,402,680,258,905,494,414,450,124,36,141,30,61,42,71,57,1265,3370,2725,390,340,26,15,15,113,114,114,17,28,1,1,1,-0.183780249,0.243144424,-0.102678571,-0.271186441,0.576323988,0.989051095,0.984687868,0.925925926,14093,CELL014093,-0.183780249,Mauritius,FALSE,FALSE,FALSE,Unprotected,34,-0.18728244825,0.07015758125,FALSE,FALSE,TRUE,FALSE
Western Indian,Western Indian Ocean,14094,V14094,57.4,-20.18,Fished,0,0,0,0,24,54,0,0,636,366,637,261,604,486,211,174,120,28,128,25,43,29,33,23,1345,3092,2480,180,115,166,115,150,118,105,105,10,14,6,6,9,0.025806452,0.502358491,-0.14084507,0.2,0.842465753,0.911368015,0.898096992,0.090909091,14094,CELL014094,0.025806452,Mauritius,FALSE,FALSE,FALSE,Unprotected,34,-0.18728244825,0.07015758125,FALSE,FALSE,FALSE,FALSE
Western Indian,Western Indian Ocean,14095,V14095,57.32,-20.26,Fished,0,0,0,0,0,0,0,0,825,552,1018,264,640,914,321,777,122,64,138,50,71,55,88,71,1895,3750,3175,435,250,390,275,540,118,124,124,19,31,14,14,14,0.126279863,0.520537715,-0.246930423,-0.492795389,0.766899767,0.84057971,0.811594203,-0.107692308,14095,CELL014095,0.126279863,Mauritius,FALSE,FALSE,FALSE,Unprotected,34,-0.18728244825,0.07015758125,FALSE,TRUE,FALSE,FALSE
Western Indian,Western Indian Ocean,14096,V14096,57.8,-20.42,Fished,0,0,0,0,0,0,0,0,480,268,692,249,630,722,412,552,123,42,138,22,54,42,84,53,1495,3276,2690,225,110,470,325,150,110,110,110,10,18,17,17,8,-0.135135135,0.253623188,-0.458585859,-0.378277154,0.862928349,0.784411277,0.74906567,0.2,14096,CELL014096,-0.135135135,Mauritius,FALSE,FALSE,FALSE,Unprotected,34,-0.18728244825,0.07015758125,FALSE,FALSE,FALSE,FALSE
Western Indian,Western Indian Ocean,14097,V14097,57.32,-20.42,Fished,0,0,0,0,0,0,0,0,441,164,608,165,892,1160,552,606,111,38,124,23,55,46,79,54,1265,3160,2500,120,195,578,445,420,97,108,108,8,26,20,20,17,-0.338334584,0.048275862,-0.752265861,-0.571984436,0.732876712,0.697792869,0.690743713,-0.555555556,14097,CELL014097,-0.338334584,Mauritius,FALSE,FALSE,FALSE,Unprotected,34,-0.18728244825,0.07015758125,TRUE,FALSE,TRUE,FALSE
Western Indian,Western Indian Ocean,14098,V14098,57.64,-20.5,Fished,5,60,100,0,1,0,11,0,691,480,108,0,619,694,259,399,31,16,31,0,38,27,37,27,95,168,170,0,125,586,615,60,14,5,5,0,11,17,17,3,0.054961832,-0.411444142,-0.182282794,-1,-0.136363636,-0.566878981,-0.554376658,-1,14098,CELL014098,0.054961832,Mauritius,FALSE,FALSE,FALSE,Unprotected,34,-0.18728244825,0.07015758125,FALSE,FALSE,FALSE,FALSE
Western Indian,Western Indian Ocean,14099,V14099,57.72,-20.5,Fished,0,0,0,0,4,0,7,0,406,594,243,390,544,404,315,78,33,24,34,16,47,23,46,15,190,384,260,75,200,270,175,165,12,14,14,4,18,10,10,5,-0.145263158,-0.129032258,0.190380762,0.666666667,-0.025641026,0.195402299,0.174311927,-0.375,14099,CELL014099,-0.145263158,Mauritius,FALSE,FALSE,FALSE,Unprotected,34,-0.18728244825,0.07015758125,FALSE,FALSE,FALSE,FALSE
Western Indian,Western Indian Ocean,14101,V14101,57.32,-20.5,Fished,45,34,35,105,164,172,39,75,981,1146,430,633,1235,1342,357,588,40,28,41,33,41,25,45,19,400,470,425,525,410,240,200,465,20,15,15,7,22,8,8,7,-0.114620939,0.092757306,-0.078778135,0.036855037,-0.012345679,0.36,0.323943662,0.060606061,14101,CELL014101,-0.114620939,Mauritius,FALSE,FALSE,FALSE,Unprotected,34,-0.18728244825,0.07015758125,FALSE,FALSE,FALSE,FALSE
Western Indian,Western Indian Ocean,14102,V14102,55.64,-4.34,Fished,0,0,0,0,111,86,1,0,405,274,258,57,257,228,61,135,45,15,54,6,21,12,22,16,340,246,165,0,10,26,15,0,29,9,9,0,2,1,1,0,0.223564955,0.617554859,0.091633466,-0.40625,0.942857143,0.833333333,0.808823529,NA,14102,CELL014102,0.223564955,Seychelles,TRUE,TRUE,FALSE,MPA only,100,-0.1249321165,0.322399054,FALSE,FALSE,FALSE,FALSE
Western Indian,Western Indian Ocean,14103,V14103,55.8,-4.42,Fished,0,0,0,0,51,0,0,0,337,228,220,66,258,36,47,48,49,20,56,3,25,9,18,10,275,78,45,0,10,52,30,0,23,3,3,0,2,2,2,0,0.132773109,0.647940075,0.727272727,0.157894737,0.929824561,0.2,0.2,NA,14103,CELL014103,0.132773109,Seychelles,FALSE,FALSE,FALSE,Unprotected,100,-0.1249321165,0.322399054,FALSE,FALSE,FALSE,FALSE
Western Indian,Western Indian Ocean,14104,V14104,55.88,-4.42,Fished,0,0,0,0,28,0,0,0,212,122,161,60,304,106,69,63,43,17,45,5,27,8,22,11,220,26,15,0,30,0,0,60,20,1,1,0,5,0,0,3,-0.178294574,0.4,0.070175439,-0.024390244,0.76,1,1,-1,14104,CELL014104,-0.178294574,Seychelles,FALSE,FALSE,FALSE,Unprotected,100,-0.1249321165,0.322399054,TRUE,FALSE,TRUE,FALSE
Western Indian,Western Indian Ocean,14105,V14105,55.64,-4.18,Fished,0,0,0,0,0,0,0,0,306,124,220,78,111,132,95,195,44,19,47,5,25,12,22,14,295,156,90,0,15,0,0,0,21,6,6,0,3,0,0,0,0.467625899,0.396825397,-0.03125,-0.428571429,0.903225806,1,1,NA,14105,CELL014105,0.467625899,Seychelles,TRUE,TRUE,FALSE,MPA only,100,-0.1249321165,0.322399054,FALSE,TRUE,FALSE,TRUE
Western Indian,Western Indian Ocean,14106,V14106,55.72,-3.78,Fished,0,26,15,0,9,4,0,0,584,350,105,0,637,922,334,633,34,18,31,0,43,31,39,27,60,204,160,0,155,190,125,0,8,7,7,0,13,7,7,0,-0.043407043,-0.521640091,-0.449685535,-1,-0.441860465,0.122807018,0.035532995,NA,14106,CELL014106,-0.043407043,Seychelles,FALSE,FALSE,FALSE,Unprotected,100,-0.1249321165,0.322399054,FALSE,FALSE,FALSE,FALSE
Western Indian,Western Indian Ocean,14107,V14107,55.64,-3.78,Fished,5,28,20,0,4,2,8,0,840,608,165,0,669,922,268,435,34,17,33,0,41,21,35,30,110,216,190,0,80,404,260,15,11,7,7,0,8,15,15,1,0.11332008,-0.237875289,-0.205228758,-1,0.157894737,-0.155555556,-0.303225806,-1,14107,CELL014107,0.11332008,Seychelles,FALSE,FALSE,FALSE,Unprotected,100,-0.1249321165,0.322399054,FALSE,FALSE,FALSE,FALSE
Western Indian,Western Indian Ocean,14108,V14108,55.64,-3.86,Fished,0,0,0,0,8,20,0,0,781,416,122,0,525,622,336,549,26,14,25,0,45,35,44,28,35,102,105,0,280,132,80,105,3,3,3,0,20,5,5,6,0.196018377,-0.467248908,-0.198458574,-1,-0.777777778,0.135135135,-0.128205128,-1,14108,CELL014108,0.196018377,Seychelles,FALSE,FALSE,FALSE,Unprotected,100,-0.1249321165,0.322399054,FALSE,FALSE,FALSE,FALSE
Western Indian,Western Indian Ocean,14109,V14109,47.56,-9.78,Fished,0,28,20,0,0,0,0,0,664,390,134,0,454,588,318,639,34,21,36,0,45,31,41,26,75,186,165,0,190,302,205,15,12,6,6,0,13,11,11,1,0.18783542,-0.407079646,-0.202453988,-1,-0.433962264,-0.108108108,-0.237704918,-1,14109,CELL014109,0.18783542,Seychelles,FALSE,FALSE,FALSE,Unprotected,100,-0.1249321165,0.322399054,FALSE,FALSE,FALSE,FALSE
Western Indian,Western Indian Ocean,14110,V14110,47.72,-10.1,Fished,0,0,0,0,32,2,0,0,839,516,342,78,509,662,127,120,40,22,35,6,40,30,34,14,80,170,125,15,50,52,30,30,6,6,6,1,6,2,2,2,0.244807122,0.458422175,-0.123938879,-0.212121212,0.230769231,0.612903226,0.531531532,-0.333333333,14110,CELL014110,0.244807122,Seychelles,FALSE,FALSE,FALSE,Unprotected,100,-0.1249321165,0.322399054,FALSE,FALSE,FALSE,FALSE
Western Indian,Western Indian Ocean,14111,V14111,47.72,-10.02,Fished,0,0,0,0,14,0,20,0,864,694,256,102,522,370,366,75,44,22,33,5,39,18,38,12,165,244,210,0,80,0,0,0,17,8,8,0,10,0,0,0,0.246753247,-0.176848875,0.304511278,0.152542373,0.346938776,1,1,NA,14111,CELL014111,0.246753247,Seychelles,FALSE,FALSE,FALSE,Unprotected,100,-0.1249321165,0.322399054,FALSE,FALSE,FALSE,FALSE
Western Indian,Western Indian Ocean,14112,V14112,47.48,-9.78,Fished,0,26,15,0,23,34,1,0,858,892,317,72,709,604,241,216,42,25,34,3,41,20,38,15,170,324,260,0,65,338,295,75,13,11,11,0,8,11,11,2,0.095086152,0.136200717,0.192513369,-0.5,0.446808511,-0.063063063,-0.021148036,-1,14112,CELL014112,0.095086152,Seychelles,FALSE,FALSE,FALSE,Unprotected,100,-0.1249321165,0.322399054,FALSE,FALSE,FALSE,FALSE
Western Indian,Western Indian Ocean,14113,V14113,47.64,-9.78,Fished,0,0,0,0,2,0,0,0,175,86,172,24,313,68,59,117,43,15,42,3,29,14,20,14,240,78,45,0,25,26,15,15,18,3,3,0,4,1,1,1,-0.282786885,0.489177489,0.116883117,-0.659574468,0.811320755,0.5,0.5,-1,14113,CELL014113,-0.282786885,Seychelles,FALSE,FALSE,FALSE,Unprotected,100,-0.1249321165,0.322399054,TRUE,FALSE,TRUE,FALSE
Western Indian,Western Indian Ocean,14114,V14114,47.48,-9.7,Fished,5,0,0,0,35,0,5,0,766,492,211,108,497,696,112,105,39,21,31,4,36,21,33,13,60,80,50,0,75,104,60,15,7,3,3,0,9,4,4,1,0.212984956,0.306501548,-0.171717172,0.014084507,-0.111111111,-0.090909091,-0.130434783,-1,14114,CELL014114,0.212984956,Seychelles,FALSE,FALSE,FALSE,Unprotected,100,-0.1249321165,0.322399054,FALSE,FALSE,FALSE,FALSE
Western Indian,Western Indian Ocean,14115,V14115,46.52,-9.78,MPA,0,0,0,0,3,2,16,0,895,688,237,87,385,272,245,93,47,24,31,4,32,14,39,13,140,154,135,15,95,130,75,90,15,5,5,1,13,5,5,4,0.3984375,-0.01659751,0.433333333,-0.033333333,0.191489362,0.285714286,0.084507042,-0.714285714,14115,CELL014115,0.3984375,Seychelles,TRUE,TRUE,FALSE,MPA only,100,-0.1249321165,0.322399054,FALSE,TRUE,FALSE,TRUE
Western Indian,Western Indian Ocean,14116,V14116,46.44,-9.46,MPA,0,0,0,0,0,2,0,0,747,926,428,363,360,550,62,27,98,60,119,35,23,20,13,2,805,2166,1615,45,5,28,20,0,80,76,76,3,1,1,1,0,0.349593496,0.746938776,0.254742547,0.861538462,0.987654321,0.975535168,0.974475843,1,14116,CELL014116,0.349593496,Seychelles,TRUE,TRUE,FALSE,MPA only,100,-0.1249321165,0.322399054,FALSE,TRUE,FALSE,TRUE
Western Indian,Western Indian Ocean,14117,V14117,46.52,-9.46,MPA,40,32,30,165,18,48,20,9,787,1130,273,432,995,1370,363,567,37,35,34,28,39,27,41,20,175,166,165,240,650,398,295,3345,9,5,5,2,22,14,14,17,-0.116722783,-0.141509434,-0.096,-0.135135135,-0.575757576,-0.282608696,-0.411347518,-0.866108787,14117,CELL014117,-0.116722783,Seychelles,TRUE,TRUE,FALSE,MPA only,100,-0.1249321165,0.322399054,FALSE,FALSE,FALSE,FALSE
Western Indian,Western Indian Ocean,14118,V14118,56.44,-4.82,Fished,5,28,20,0,88,114,10,9,867,1138,298,588,560,642,282,426,35,30,38,32,38,27,40,18,235,212,230,465,270,246,165,15,12,6,6,6,21,9,9,1,0.21513665,0.027586207,0.278651685,0.159763314,-0.069306931,0.164556962,-0.074235808,0.9375,14118,CELL014118,0.21513665,Seychelles,TRUE,TRUE,FALSE,MPA only,100,-0.1249321165,0.322399054,FALSE,FALSE,FALSE,FALSE
Western Indian,Western Indian Ocean,14119,V14119,53.4,-5.06,Fished,10,46,65,15,31,40,1,0,713,734,299,594,989,680,287,168,40,30,41,34,39,28,33,8,230,126,115,285,260,950,1525,1620,17,4,4,5,21,17,17,16,-0.162162162,0.020477816,0.038189533,0.559055118,-0.06122449,-0.859756098,-0.765799257,-0.700787402,14119,CELL014119,-0.162162162,Seychelles,FALSE,FALSE,FALSE,Unprotected,100,-0.1249321165,0.322399054,TRUE,FALSE,FALSE,FALSE
Western Indian,Western Indian Ocean,14120,V14120,53.56,-5.62,Fished,0,26,15,0,4,2,20,33,662,754,273,531,802,614,283,261,44,34,45,32,35,27,29,14,165,184,160,240,160,184,110,15,14,6,6,6,14,7,7,1,-0.095628415,-0.017985612,0.102339181,0.340909091,0.015384615,0.185185185,0,0.882352941,14120,CELL014120,-0.095628415,Seychelles,FALSE,FALSE,FALSE,Unprotected,100,-0.1249321165,0.322399054,FALSE,FALSE,FALSE,FALSE
Western Indian,Western Indian Ocean,14121,V14121,53.32,-5.54,Fished,0,0,0,0,17,40,6,3,575,738,286,393,616,956,163,147,42,27,45,28,38,28,40,15,245,222,255,360,75,264,160,0,15,6,6,3,9,10,10,0,-0.034424853,0.273942094,-0.128689492,0.455555556,0.53125,0.228915663,-0.086419753,1,14121,CELL014121,-0.034424853,Seychelles,FALSE,FALSE,FALSE,Unprotected,100,-0.1249321165,0.322399054,FALSE,FALSE,FALSE,FALSE
Western Indian,Western Indian Ocean,14122,V14122,56.12,-7.22,Fished,0,26,15,0,7,0,50,69,668,680,228,159,680,806,503,663,42,23,36,10,44,30,40,16,195,230,225,435,150,208,120,15,16,7,7,2,17,8,8,1,-0.008902077,-0.37619699,-0.084791386,-0.613138686,0.130434783,0.304347826,0.050228311,0.933333333,14122,CELL014122,-0.008902077,Seychelles,FALSE,FALSE,FALSE,Unprotected,100,-0.1249321165,0.322399054,FALSE,FALSE,FALSE,FALSE
Western Indian,Western Indian Ocean,14123,V14123,56.28,-7.06,Fished,0,26,15,0,0,4,6,0,845,936,277,228,1012,1028,369,114,42,27,37,10,42,29,43,14,260,254,235,360,140,170,125,15,17,8,8,2,15,6,6,1,-0.089929995,-0.142414861,-0.046843177,0.333333333,0.3,0.305555556,0.198113208,0.92,14123,CELL014123,-0.089929995,Seychelles,FALSE,FALSE,FALSE,Unprotected,100,-0.1249321165,0.322399054,FALSE,FALSE,FALSE,FALSE
Western Indian,Western Indian Ocean,14124,V14124,56.12,-7.06,Fished,0,0,0,0,1,10,0,0,504,484,408,249,221,330,81,159,111,48,120,26,26,24,25,15,760,2440,1900,165,15,0,0,15,75,84,84,10,3,0,0,1,0.390344828,0.668711656,0.189189189,0.220588235,0.961290323,1,1,0.833333333,14124,CELL014124,0.390344828,Seychelles,FALSE,FALSE,FALSE,Unprotected,100,-0.1249321165,0.322399054,FALSE,TRUE,FALSE,TRUE
Western Indian,Western Indian Ocean,14125,V14125,56.12,-7.14,Fished,0,0,0,0,0,2,0,0,375,454,388,294,116,156,42,51,95,47,109,21,20,12,17,8,670,1692,1280,45,25,0,0,0,62,59,59,3,3,0,0,0,0.527494908,0.804651163,0.48852459,0.704347826,0.928057554,1,1,1,14125,CELL014125,0.527494908,Seychelles,FALSE,FALSE,FALSE,Unprotected,100,-0.1249321165,0.322399054,FALSE,TRUE,FALSE,TRUE
Western Indian,Western Indian Ocean,14126,V14126,56.36,-4.9,Fished,0,0,0,0,0,2,0,0,574,720,362,381,420,390,126,282,96,51,113,29,32,28,24,17,575,1634,1185,90,150,0,0,15,60,58,58,6,6,0,0,1,0.154929577,0.483606557,0.297297297,0.149321267,0.586206897,1,1,0.714285714,14126,CELL014126,0.154929577,Seychelles,TRUE,TRUE,FALSE,MPA only,100,-0.1249321165,0.322399054,FALSE,FALSE,FALSE,FALSE
Western Indian,Western Indian Ocean,14127,V14127,56.36,-4.82,Fished,0,0,0,0,0,0,0,0,510,536,365,450,394,382,52,147,108,51,117,37,30,16,20,19,655,1708,1270,225,165,28,20,0,67,60,60,12,8,1,1,0,0.128318584,0.75059952,0.167755991,0.507537688,0.597560976,0.968992248,0.967741935,1,14127,CELL014127,0.128318584,Seychelles,TRUE,TRUE,FALSE,MPA only,100,-0.1249321165,0.322399054,FALSE,FALSE,FALSE,FALSE
Western Indian,Western Indian Ocean,14128,V14128,56.52,-4.9,Fished,0,0,0,0,0,0,0,0,416,588,281,573,676,688,290,150,43,26,41,28,42,26,42,8,210,224,210,465,225,0,0,0,10,7,7,6,20,0,0,0,-0.238095238,-0.015761821,-0.078369906,0.585062241,-0.034482759,1,1,1,14128,CELL014128,-0.238095238,Seychelles,TRUE,TRUE,FALSE,MPA only,100,-0.1249321165,0.322399054,TRUE,FALSE,TRUE,FALSE
Western Indian,Western Indian Ocean,14129,V14129,56.44,-4.9,Fished,0,0,0,0,54,84,6,18,461,534,274,213,819,1166,69,207,49,24,80,22,32,29,18,18,305,1280,900,75,10,130,75,15,29,46,46,4,1,5,5,1,-0.2796875,0.597667638,-0.371764706,0.014285714,0.936507937,0.846153846,0.815602837,0.666666667,14129,CELL014129,-0.2796875,Seychelles,TRUE,TRUE,FALSE,MPA only,100,-0.1249321165,0.322399054,TRUE,FALSE,TRUE,FALSE
Western Indian,Western Indian Ocean,14130,V14130,55.32,-5.94,Fished,10,0,0,0,45,30,24,0,725,696,242,60,980,798,341,330,20,13,22,4,36,23,34,16,130,164,110,0,170,284,210,180,14,6,6,0,17,10,10,2,-0.149560117,-0.169811321,-0.068273092,-0.692307692,-0.133333333,-0.3125,-0.267857143,-1,14130,CELL014130,-0.149560117,Seychelles,FALSE,FALSE,FALSE,Unprotected,100,-0.1249321165,0.322399054,TRUE,FALSE,FALSE,FALSE
Western Indian,Western Indian Ocean,14131,V14131,55.24,-5.94,Fished,20,30,25,0,33,26,10,0,848,796,293,171,816,504,440,219,25,16,25,5,35,20,42,13,140,306,265,0,140,246,165,30,12,10,10,0,12,9,9,1,0.019230769,-0.200545703,0.224615385,-0.123076923,0,0.23255814,0.108695652,-1,14131,CELL014131,0.019230769,Seychelles,FALSE,FALSE,FALSE,Unprotected,100,-0.1249321165,0.322399054,FALSE,FALSE,FALSE,FALSE
Western Indian,Western Indian Ocean,14132,V14132,55.24,-5.86,Fished,0,0,0,0,1,0,0,0,234,98,205,21,91,84,73,117,47,16,50,3,22,12,24,15,185,184,110,0,15,52,30,0,16,7,7,0,2,2,2,0,0.44,0.474820144,0.076923077,-0.695652174,0.85,0.571428571,0.559322034,NA,14132,CELL014132,0.44,Seychelles,FALSE,FALSE,FALSE,Unprotected,100,-0.1249321165,0.322399054,FALSE,TRUE,FALSE,TRUE
Western Indian,Western Indian Ocean,14133,V14133,56.2,-7.06,Fished,0,0,0,0,76,16,12,0,389,212,266,33,250,94,130,105,44,14,60,5,23,11,26,16,220,320,200,0,20,28,20,0,21,12,12,0,3,1,1,0,0.217527387,0.343434343,0.385620915,-0.52173913,0.833333333,0.818181818,0.83908046,NA,14133,CELL014133,0.217527387,Seychelles,FALSE,FALSE,FALSE,Unprotected,100,-0.1249321165,0.322399054,FALSE,FALSE,FALSE,FALSE
Western Indian,Western Indian Ocean,14134,V14134,55.32,-6.02,Fished,5,0,0,0,97,80,0,0,882,614,341,54,731,822,71,66,45,21,38,3,36,29,23,8,105,234,185,0,40,346,265,30,15,8,8,0,6,12,12,2,0.093614383,0.655339806,-0.144846797,-0.1,0.448275862,-0.177777778,-0.193103448,-1,14134,CELL014134,0.093614383,Seychelles,FALSE,FALSE,FALSE,Unprotected,100,-0.1249321165,0.322399054,FALSE,FALSE,FALSE,FALSE
Western Indian,Western Indian Ocean,14135,V14135,55.24,-6.02,Fished,0,0,0,0,1,0,1,0,980,696,425,105,467,516,124,195,45,23,36,4,40,22,29,14,85,256,190,0,15,166,165,0,9,9,9,0,3,5,5,0,0.354526607,0.548269581,0.148514851,-0.3,0.7,0.070422535,0.213270142,NA,14135,CELL014135,0.354526607,Seychelles,FALSE,FALSE,FALSE,Unprotected,100,-0.1249321165,0.322399054,FALSE,TRUE,FALSE,TRUE
Western Indian,Western Indian Ocean,14136,V14136,51,-10.1,Fished,0,30,25,0,93,112,3,0,869,640,298,117,816,944,106,174,46,20,39,5,43,33,33,15,80,334,235,0,30,520,500,0,10,12,12,0,3,16,16,0,0.031454006,0.475247525,-0.191919192,-0.195876289,0.454545455,-0.360544218,-0.217798595,NA,14136,CELL014136,0.031454006,Seychelles,FALSE,FALSE,FALSE,Unprotected,100,-0.1249321165,0.322399054,FALSE,FALSE,FALSE,FALSE
Western Indian,Western Indian Ocean,14137,V14137,53.16,-5.78,Fished,0,30,25,0,28,0,1,0,912,678,384,18,858,1090,190,279,43,19,37,3,38,31,34,16,160,334,235,0,25,366,315,0,16,12,12,0,4,12,12,0,0.030508475,0.337979094,-0.233031674,-0.878787879,0.72972973,-0.145454545,-0.045714286,NA,14137,CELL014137,0.030508475,Seychelles,FALSE,FALSE,FALSE,Unprotected,100,-0.1249321165,0.322399054,FALSE,FALSE,FALSE,FALSE
Western Indian,Western Indian Ocean,14138,V14138,53.08,-5.78,Fished,0,26,15,0,89,58,22,12,822,652,403,144,605,612,303,324,37,22,41,9,35,27,35,23,155,438,295,15,165,230,175,15,17,16,16,1,11,8,8,1,0.152067274,0.141643059,0.03164557,-0.384615385,-0.03125,0.255319149,0.311377246,0,14138,CELL014138,0.152067274,Seychelles,FALSE,FALSE,FALSE,Unprotected,100,-0.1249321165,0.322399054,FALSE,FALSE,FALSE,FALSE
Western Indian,Western Indian Ocean,14139,V14139,53.08,-6.02,Fished,0,0,0,0,144,162,10,0,990,1128,282,81,704,532,256,288,41,20,42,6,39,26,39,21,85,216,140,30,265,142,105,0,8,8,8,2,17,5,5,0,0.168831169,0.048327138,0.359036145,-0.56097561,-0.514285714,0.142857143,0.206703911,1,14139,CELL014139,0.168831169,Seychelles,FALSE,FALSE,FALSE,Unprotected,100,-0.1249321165,0.322399054,FALSE,FALSE,FALSE,FALSE
Western Indian,Western Indian Ocean,14140,V14140,53,-6.02,Fished,0,0,0,0,6,8,8,42,673,896,251,567,670,846,216,225,37,31,38,32,40,28,39,13,230,208,170,360,50,372,230,0,15,7,7,4,8,14,14,0,0.002233805,0.074946467,0.028702641,0.431818182,0.642857143,-0.15,-0.282758621,1,14140,CELL014140,0.002233805,Seychelles,FALSE,FALSE,FALSE,Unprotected,100,-0.1249321165,0.322399054,FALSE,FALSE,FALSE,FALSE
Western Indian,Western Indian Ocean,14141,V14141,53.56,-5.7,Fished,5,0,0,0,27,2,1,3,599,758,265,597,620,524,273,63,40,32,44,32,38,25,32,7,255,322,305,435,160,132,80,0,10,10,10,5,19,5,5,0,-0.017227235,-0.014869888,0.182527301,0.809090909,0.228915663,0.584415584,0.418502203,1,14141,CELL014141,-0.017227235,Seychelles,FALSE,FALSE,FALSE,Unprotected,100,-0.1249321165,0.322399054,FALSE,FALSE,FALSE,FALSE
Western Indian,Western Indian Ocean,14142,V14142,53.64,-5.62,Fished,45,34,35,30,6,4,3,3,1050,1268,427,735,561,706,261,333,39,30,46,37,35,26,41,19,475,518,445,630,835,262,205,150,25,17,17,5,27,9,9,6,0.303538175,0.24127907,0.284701114,0.376404494,-0.27480916,0.369230769,0.328205128,0.615384615,14142,CELL014142,0.303538175,Seychelles,FALSE,FALSE,FALSE,Unprotected,100,-0.1249321165,0.322399054,FALSE,FALSE,FALSE,FALSE
Western Indian,Western Indian Ocean,14143,V14143,53.72,-5.62,Fished,20,44,60,0,60,0,12,24,783,1162,316,501,1090,920,392,579,34,21,36,25,42,24,40,16,385,438,395,480,340,312,280,90,22,14,14,5,19,10,10,5,-0.163908169,-0.107344633,0.11623439,-0.072222222,0.062068966,0.17037037,0.168,0.684210526,14143,CELL014143,-0.163908169,Seychelles,FALSE,FALSE,FALSE,Unprotected,100,-0.1249321165,0.322399054,TRUE,FALSE,FALSE,FALSE
Western Indian,Western Indian Ocean,14144,V14144,50.84,-10.1,Fished,5,0,0,0,3,0,16,51,697,650,226,240,877,1312,329,525,41,24,35,12,40,31,36,19,210,310,275,300,175,188,120,0,17,10,10,2,15,7,7,0,-0.114358323,-0.185585586,-0.337410805,-0.37254902,0.090909091,0.392405063,0.24497992,1,14144,CELL014144,-0.114358323,Seychelles,FALSE,FALSE,FALSE,Unprotected,100,-0.1249321165,0.322399054,FALSE,FALSE,FALSE,FALSE
Western Indian,Western Indian Ocean,14145,V14145,50.76,-10.1,Fished,0,0,0,0,24,0,0,0,520,450,190,357,452,272,168,186,38,26,29,27,51,23,47,23,195,262,205,255,355,144,110,165,16,9,9,6,20,5,5,8,0.069958848,0.061452514,0.246537396,0.314917127,-0.290909091,0.301587302,0.290640394,0.214285714,14145,CELL014145,0.069958848,Seychelles,FALSE,FALSE,FALSE,Unprotected,100,-0.1249321165,0.322399054,FALSE,FALSE,FALSE,FALSE
Western Indian,Western Indian Ocean,14146,V14146,50.84,-10.02,Fished,0,0,0,0,7,0,0,0,496,312,219,276,314,190,183,150,50,23,51,27,47,23,44,18,75,194,135,135,210,88,70,120,11,7,7,5,18,3,3,5,0.224691358,0.089552239,0.243027888,0.295774648,-0.473684211,0.317073171,0.375886525,0.058823529,14146,CELL014146,0.224691358,Seychelles,FALSE,FALSE,FALSE,Unprotected,100,-0.1249321165,0.322399054,FALSE,FALSE,FALSE,FALSE
Western Indian,Western Indian Ocean,14147,V14147,50.76,-10.02,Fished,0,0,0,0,1,0,0,0,826,722,230,204,850,682,342,90,46,23,45,24,37,19,35,6,145,210,125,75,175,140,100,30,18,8,8,4,17,5,5,2,-0.014319809,-0.195804196,0.028490028,0.387755102,-0.09375,0.111111111,0.2,0.428571429,14147,CELL014147,-0.014319809,Seychelles,FALSE,FALSE,FALSE,Unprotected,100,-0.1249321165,0.322399054,FALSE,FALSE,FALSE,FALSE
Western Indian,Western Indian Ocean,14148,V14148,52.84,-6.1,Fished,5,0,0,0,91,0,1,0,733,928,169,204,727,498,222,18,42,25,40,20,37,21,34,2,230,306,215,90,280,108,70,0,15,11,11,4,22,4,4,0,0.004109589,-0.135549872,0.301542777,0.837837838,-0.098039216,0.50877193,0.47826087,1,14148,CELL014148,0.004109589,Seychelles,FALSE,FALSE,FALSE,Unprotected,100,-0.1249321165,0.322399054,FALSE,FALSE,FALSE,FALSE
Western Indian,Western Indian Ocean,14149,V14149,50.68,-9.38,Fished,5,0,0,0,13,36,5,0,729,952,243,336,533,172,544,171,40,33,33,17,44,15,50,10,125,156,90,90,145,250,175,15,15,6,6,4,15,9,9,1,0.155309033,-0.382465057,0.693950178,0.325443787,-0.074074074,-0.320754717,-0.231527094,0.714285714,14149,CELL014149,0.155309033,Seychelles,FALSE,FALSE,FALSE,Unprotected,100,-0.1249321165,0.322399054,FALSE,FALSE,FALSE,FALSE
Western Indian,Western Indian Ocean,14150,V14150,55.96,-4.58,Fished,5,0,0,0,8,0,11,0,419,648,206,204,722,790,342,126,35,23,26,8,46,23,50,12,235,356,240,75,175,298,195,0,19,13,13,3,24,11,11,0,-0.265556529,-0.248175182,-0.098748261,0.236363636,0.146341463,0.103448276,0.088685015,1,14150,CELL014150,-0.265556529,Seychelles,FALSE,FALSE,FALSE,Unprotected,100,-0.1249321165,0.322399054,TRUE,FALSE,TRUE,FALSE
Western Indian,Western Indian Ocean,14151,V14151,55.72,-4.58,Fished,0,0,0,0,38,62,0,3,638,688,278,288,360,572,158,339,63,43,82,27,24,21,30,18,380,1144,810,90,70,0,0,0,42,41,41,4,6,0,0,0,0.278557114,0.275229358,0.092063492,-0.081339713,0.688888889,1,1,1,14151,CELL014151,0.278557114,Seychelles,FALSE,FALSE,FALSE,Unprotected,100,-0.1249321165,0.322399054,FALSE,FALSE,FALSE,FALSE
Western Indian,Western Indian Ocean,14152,V14152,56.2,-7.14,Fished,0,0,0,0,24,52,2,12,739,1004,307,348,779,1104,130,309,77,50,93,24,24,19,28,25,395,1292,930,60,5,0,0,0,43,46,46,2,1,0,0,0,-0.026350461,0.405034325,-0.04743833,0.059360731,0.975,1,1,1,14152,CELL014152,-0.026350461,Seychelles,FALSE,FALSE,FALSE,Unprotected,100,-0.1249321165,0.322399054,FALSE,FALSE,FALSE,FALSE
Western Indian,Western Indian Ocean,14153,V14153,56.2,-7.22,Fished,0,0,0,0,88,180,0,15,489,652,224,204,1175,1604,105,333,57,21,86,18,33,27,23,22,285,1358,945,90,5,52,30,15,34,49,49,3,1,2,2,1,-0.412259615,0.361702128,-0.421985816,-0.240223464,0.965517241,0.938461538,0.926241135,0.714285714,14153,CELL014153,-0.412259615,Seychelles,FALSE,FALSE,FALSE,Unprotected,100,-0.1249321165,0.322399054,TRUE,FALSE,TRUE,FALSE
Western Indian,Western Indian Ocean,14154,V14154,55.4,-5.86,Fished,0,0,0,0,1,0,1,3,805,798,281,282,161,226,100,276,64,27,74,23,20,13,23,17,275,1230,825,75,5,0,0,0,38,45,45,2,1,0,0,0,0.666666667,0.475065617,0.55859375,0.010752688,0.964285714,1,1,1,14154,CELL014154,0.666666667,Seychelles,FALSE,FALSE,FALSE,Unprotected,100,-0.1249321165,0.322399054,FALSE,TRUE,FALSE,TRUE
Western Indian,Western Indian Ocean,14155,V14155,55.32,-5.86,Fished,0,0,0,0,116,98,0,0,474,368,265,288,495,406,140,126,42,19,45,14,31,16,23,9,205,970,725,135,15,52,30,0,20,34,34,6,3,2,2,0,-0.021671827,0.308641975,-0.049095607,0.391304348,0.863636364,0.920529801,0.898238748,1,14155,CELL014155,-0.021671827,Seychelles,FALSE,FALSE,FALSE,Unprotected,100,-0.1249321165,0.322399054,FALSE,FALSE,FALSE,FALSE
Western Indian,Western Indian Ocean,14156,V14156,55.4,-5.78,Fished,0,0,0,0,41,10,0,0,412,368,286,339,699,708,144,180,45,19,57,22,30,19,24,16,300,878,695,30,30,78,45,0,23,30,30,2,5,3,3,0,-0.258325833,0.330232558,-0.31598513,0.306358382,0.818181818,0.878378378,0.836820084,1,14156,CELL014156,-0.258325833,Seychelles,FALSE,FALSE,FALSE,Unprotected,100,-0.1249321165,0.322399054,TRUE,FALSE,TRUE,FALSE
Western Indian,Western Indian Ocean,14157,V14157,55.32,-5.78,Fished,0,0,0,0,41,84,0,0,716,828,299,357,259,430,90,279,70,36,89,25,17,10,20,22,365,1140,800,30,10,0,0,0,43,41,41,1,2,0,0,0,0.468717949,0.537275064,0.316375199,0.122641509,0.946666667,1,1,1,14157,CELL014157,0.468717949,Seychelles,FALSE,FALSE,FALSE,Unprotected,100,-0.1249321165,0.322399054,FALSE,TRUE,FALSE,TRUE
Western Indian,Western Indian Ocean,14158,V14158,55.48,-4.82,Fished,0,0,0,0,26,36,7,30,696,810,287,363,723,1158,136,489,69,47,89,27,23,24,17,19,335,1148,820,15,0,0,0,0,39,41,41,1,0,0,0,0,-0.019027484,0.356973995,-0.176829268,-0.147887324,1,1,1,1,14158,CELL014158,-0.019027484,Seychelles,FALSE,FALSE,FALSE,Unprotected,100,-0.1249321165,0.322399054,FALSE,FALSE,FALSE,FALSE
Western Indian,Western Indian Ocean,14159,V14159,55.32,-4.66,Fished,0,0,0,0,0,4,8,12,882,1144,369,405,275,242,82,234,67,42,90,35,19,9,17,13,245,1248,820,120,10,0,0,0,27,46,46,7,2,0,0,0,0.524632671,0.636363636,0.650793651,0.267605634,0.921568627,1,1,1,14159,CELL014159,0.524632671,Seychelles,FALSE,FALSE,FALSE,Unprotected,100,-0.1249321165,0.322399054,FALSE,TRUE,FALSE,TRUE
Western Indian,Western Indian Ocean,14160,V14160,53,-5.94,Fished,0,0,0,0,38,58,4,0,871,990,403,618,232,274,93,264,81,39,87,38,25,17,25,18,315,1046,715,195,15,0,0,0,38,38,38,7,2,0,0,0,0.579329102,0.625,0.566455696,0.401360544,0.909090909,1,1,1,14160,CELL014160,0.579329102,Seychelles,FALSE,FALSE,FALSE,Unprotected,100,-0.1249321165,0.322399054,FALSE,TRUE,FALSE,TRUE
Western Indian,Western Indian Ocean,14161,V14161,53,-6.1,Fished,0,0,0,0,7,8,0,0,792,816,299,345,217,308,51,177,60,43,85,32,20,18,11,10,310,1470,1025,75,0,0,0,0,32,53,53,5,0,0,0,0,0.56987116,0.708571429,0.451957295,0.32183908,1,1,1,1,14161,CELL014161,0.56987116,Seychelles,FALSE,FALSE,FALSE,Unprotected,100,-0.1249321165,0.322399054,FALSE,TRUE,FALSE,TRUE
Western Indian,Western Indian Ocean,14162,V14162,53.32,-5.46,Fished,0,0,0,0,36,74,3,3,563,584,312,366,899,1324,111,312,72,34,92,27,30,25,21,23,290,1522,1105,60,5,0,0,0,38,54,54,3,1,0,0,0,-0.229822161,0.475177305,-0.387840671,0.079646018,0.966101695,1,1,1,14162,CELL014162,-0.229822161,Seychelles,FALSE,FALSE,FALSE,Unprotected,100,-0.1249321165,0.322399054,TRUE,FALSE,TRUE,FALSE
Western Indian,Western Indian Ocean,14163,V14163,53.32,-5.38,Fished,0,0,0,0,12,18,1,3,837,1074,319,321,137,114,57,105,75,38,89,26,13,10,25,14,310,1328,920,60,20,0,0,0,39,48,48,4,2,0,0,0,0.718685832,0.696808511,0.808080808,0.507042254,0.878787879,1,1,1,14163,CELL014163,0.718685832,Seychelles,FALSE,FALSE,FALSE,Unprotected,100,-0.1249321165,0.322399054,FALSE,TRUE,FALSE,TRUE
Western Indian,Western Indian Ocean,14164,V14164,53.64,-5.7,Fished,0,0,0,0,8,14,7,27,779,938,332,417,175,222,114,273,71,41,97,34,20,15,26,18,285,1486,1015,135,30,0,0,0,34,54,54,6,3,0,0,0,0.63312369,0.488789238,0.617241379,0.208695652,0.80952381,1,1,1,14164,CELL014164,0.63312369,Seychelles,FALSE,FALSE,FALSE,Unprotected,100,-0.1249321165,0.322399054,FALSE,TRUE,FALSE,TRUE
Western Indian,Western Indian Ocean,14165,V14165,52.76,-6.98,Fished,0,0,0,0,41,72,0,0,511,554,437,231,160,316,74,111,85,37,92,11,20,17,11,7,805,2120,1750,30,0,0,0,15,69,71,71,2,0,0,0,1,0.523099851,0.71037182,0.273563218,0.350877193,1,1,1,0.333333333,14165,CELL014165,0.523099851,Seychelles,FALSE,FALSE,FALSE,Unprotected,100,-0.1249321165,0.322399054,FALSE,TRUE,FALSE,TRUE
Western Indian,Western Indian Ocean,14166,V14166,52.68,-6.98,Fished,0,0,0,0,4,6,2,3,690,640,438,309,256,198,36,78,104,28,113,24,13,11,12,8,855,2262,1805,75,0,0,0,0,81,77,77,4,0,0,0,0,0.458773784,0.848101266,0.527446301,0.596899225,1,1,1,1,14166,CELL014166,0.458773784,Seychelles,FALSE,FALSE,FALSE,Unprotected,100,-0.1249321165,0.322399054,FALSE,TRUE,FALSE,TRUE
Western Indian,Western Indian Ocean,14167,V14167,53.16,-6.26,Fished,0,0,0,0,0,0,0,0,950,978,441,318,246,202,80,30,120,65,117,33,19,14,14,2,810,2334,1685,240,0,0,0,0,86,83,83,10,0,0,0,0,0.588628763,0.692898273,0.657627119,0.827586207,1,1,1,1,14167,CELL014167,0.588628763,Seychelles,FALSE,FALSE,FALSE,Unprotected,100,-0.1249321165,0.322399054,FALSE,TRUE,FALSE,TRUE
Western Indian,Western Indian Ocean,14168,V14168,53,-6.26,Fished,0,0,0,0,0,0,0,0,889,780,349,354,333,488,175,498,74,46,102,39,25,17,25,20,565,2058,1445,270,65,0,0,0,56,74,74,13,4,0,0,0,0.454991817,0.332061069,0.230283912,-0.169014085,0.793650794,1,1,1,14168,CELL014168,0.454991817,Seychelles,FALSE,FALSE,FALSE,Unprotected,100,-0.1249321165,0.322399054,FALSE,TRUE,FALSE,TRUE
Western Indian,Western Indian Ocean,14169,V14169,53.32,-4.82,Fished,0,0,0,0,59,36,0,0,1136,904,407,447,144,164,194,462,81,47,103,35,20,18,31,18,475,1726,1315,75,40,28,20,0,55,60,60,2,3,1,1,0,0.775,0.354409318,0.692883895,-0.01650165,0.844660194,0.970037453,0.968072976,1,14169,CELL014169,0.775,Seychelles,FALSE,FALSE,FALSE,Unprotected,100,-0.1249321165,0.322399054,FALSE,TRUE,FALSE,TRUE
Western Indian,Western Indian Ocean,14170,V14170,53.32,-5.06,Fished,0,0,0,0,0,0,0,0,363,314,353,102,503,446,97,216,80,32,102,17,31,20,26,22,720,2160,1650,30,25,52,30,0,68,75,75,2,2,2,2,0,-0.161662818,0.568888889,-0.173684211,-0.358490566,0.932885906,0.964285714,0.952983725,1,14170,CELL014170,-0.161662818,Seychelles,FALSE,FALSE,FALSE,Unprotected,100,-0.1249321165,0.322399054,TRUE,FALSE,FALSE,FALSE
Western Indian,Western Indian Ocean,14171,V14171,51.08,-9.22,Fished,0,0,0,0,1,0,0,0,993,992,389,396,91,52,76,207,80,48,112,37,17,8,20,11,475,1828,1320,90,45,0,0,0,46,65,65,4,3,0,0,0,0.832103321,0.67311828,0.900383142,0.313432836,0.826923077,1,1,1,14171,CELL014171,0.832103321,Seychelles,FALSE,FALSE,FALSE,Unprotected,100,-0.1249321165,0.322399054,FALSE,TRUE,FALSE,TRUE
Western Indian,Western Indian Ocean,14172,V14172,51,-9.22,Fished,0,0,0,0,0,0,0,0,697,624,326,375,580,806,67,192,56,29,94,31,32,24,16,13,315,1582,1055,135,40,52,30,0,41,58,58,8,5,2,2,0,0.091620987,0.659033079,-0.127272727,0.322751323,0.774647887,0.944700461,0.936352509,1,14172,CELL014172,0.091620987,Seychelles,FALSE,FALSE,FALSE,Unprotected,100,-0.1249321165,0.322399054,FALSE,FALSE,FALSE,FALSE
Western Indian,Western Indian Ocean,14173,V14173,50.68,-9.3,Fished,0,0,0,0,1,0,0,0,726,598,328,396,509,492,63,144,75,44,89,32,29,19,15,13,325,1210,825,75,20,130,75,0,40,44,44,5,4,5,5,0,0.175708502,0.677749361,0.097247706,0.466666667,0.884057971,0.833333333,0.805970149,1,14173,CELL014173,0.175708502,Seychelles,FALSE,FALSE,FALSE,Unprotected,100,-0.1249321165,0.322399054,FALSE,FALSE,FALSE,FALSE
Western Indian,Western Indian Ocean,14174,V14174,51.16,-9.3,Fished,0,0,0,0,2,2,0,0,1025,820,403,498,198,298,242,585,78,54,101,43,24,17,30,20,470,1598,1145,135,20,0,0,0,46,57,57,5,3,0,0,0,0.676206051,0.249612403,0.466905188,-0.08033241,0.918367347,1,1,1,14174,CELL014174,0.676206051,Seychelles,FALSE,FALSE,FALSE,Unprotected,100,-0.1249321165,0.322399054,FALSE,TRUE,FALSE,TRUE
Western Indian,Western Indian Ocean,14175,V14175,51.08,-8.82,Fished,0,0,0,0,50,66,0,0,820,1010,331,438,414,630,105,195,63,40,82,33,18,15,21,16,295,1438,1045,105,0,0,0,0,38,51,51,7,0,0,0,0,0.329011345,0.518348624,0.231707317,0.383886256,1,1,1,1,14175,CELL014175,0.329011345,Seychelles,FALSE,FALSE,FALSE,Unprotected,100,-0.1249321165,0.322399054,FALSE,TRUE,FALSE,TRUE
Western Indian,Western Indian Ocean,14176,V14176,51,-8.82,Fished,0,0,0,0,15,22,0,0,664,480,453,366,388,370,45,21,107,42,115,30,28,16,10,5,1000,2582,2055,150,0,52,30,0,87,88,88,9,0,2,2,0,0.262357414,0.819277108,0.129411765,0.891472868,1,0.971223022,0.960516325,1,14176,CELL014176,0.262357414,Seychelles,FALSE,FALSE,FALSE,Unprotected,100,-0.1249321165,0.322399054,FALSE,FALSE,FALSE,FALSE
Western Indian,Western Indian Ocean,14177,V14177,51.08,-9.3,Fished,0,0,0,0,0,2,0,0,740,850,505,438,101,102,78,201,95,33,115,21,19,10,12,7,790,2470,1975,60,0,0,0,0,80,84,84,4,0,0,0,0,0.75980975,0.732418525,0.785714286,0.370892019,1,1,1,1,14177,CELL014177,0.75980975,Seychelles,FALSE,FALSE,FALSE,Unprotected,100,-0.1249321165,0.322399054,FALSE,TRUE,FALSE,TRUE
Western Indian,Western Indian Ocean,14178,V14178,51,-9.3,Fished,0,0,0,0,1,2,2,9,731,616,513,507,232,210,60,60,110,33,125,26,26,9,12,8,735,2940,2100,75,0,52,30,0,80,105,105,5,0,2,2,0,0.518172378,0.790575916,0.491525424,0.788359788,1,0.971830986,0.965240642,1,14178,CELL014178,0.518172378,Seychelles,FALSE,FALSE,FALSE,Unprotected,100,-0.1249321165,0.322399054,FALSE,TRUE,FALSE,TRUE
Western Indian,Western Indian Ocean,14179,V14179,51.08,-9.46,Fished,0,0,0,0,0,0,0,0,356,320,355,210,1032,1462,142,402,86,39,105,17,34,28,21,14,800,2332,1730,90,15,64,60,0,71,82,82,2,2,2,2,0,-0.4870317,0.428571429,-0.640852974,-0.31372549,0.963190184,0.932960894,0.946577629,1,14179,CELL014179,-0.4870317,Seychelles,FALSE,FALSE,FALSE,Unprotected,100,-0.1249321165,0.322399054,TRUE,FALSE,TRUE,FALSE
Western Indian,Western Indian Ocean,14180,V14180,51.16,-9.46,Fished,0,0,0,0,0,0,0,0,338,378,336,141,652,414,86,234,88,37,97,20,31,22,21,20,730,1810,1375,15,30,26,15,0,70,63,63,1,5,1,1,0,-0.317171717,0.592417062,-0.045454545,-0.248,0.921052632,0.978417266,0.97167756,1,14180,CELL014180,-0.317171717,Seychelles,FALSE,FALSE,FALSE,Unprotected,100,-0.1249321165,0.322399054,TRUE,FALSE,TRUE,FALSE
Western Indian,Western Indian Ocean,14181,V14181,51,-9.46,Fished,0,0,0,0,0,0,0,0,315,354,377,204,1326,1102,81,210,94,48,106,23,34,30,21,16,665,2412,1830,105,55,26,15,0,62,84,84,4,7,1,1,0,-0.616087751,0.64628821,-0.513736264,-0.014492754,0.847222222,0.983739837,0.978671042,1,14181,CELL014181,-0.616087751,Seychelles,FALSE,FALSE,FALSE,Unprotected,100,-0.1249321165,0.322399054,TRUE,FALSE,TRUE,FALSE
Western Indian,Western Indian Ocean,14182,V14182,50.76,-9.38,Fished,0,28,20,0,12,0,6,6,1049,692,404,531,807,948,150,147,25,14,26,18,29,23,40,17,320,312,280,105,75,296,190,0,15,10,10,3,12,11,11,0,0.130387931,0.458483755,-0.156097561,0.566371681,0.620253165,0.191489362,0.026315789,1,14182,CELL014182,0.130387931,Seychelles,FALSE,FALSE,FALSE,Unprotected,100,-0.1249321165,0.322399054,FALSE,FALSE,FALSE,FALSE
Western Indian,Western Indian Ocean,14183,V14183,51.08,-9.38,Fished,185,46,65,150,438,390,202,258,1418,926,609,672,2698,2926,1670,2844,18,18,29,22,23,23,28,26,380,566,465,225,1390,1088,1320,2820,19,19,19,5,25,28,28,21,-0.310981535,-0.465555068,-0.5192108,-0.61774744,-0.570621469,-0.478991597,-0.315598549,-0.852216749,14183,CELL014183,-0.310981535,Seychelles,FALSE,FALSE,FALSE,Unprotected,100,-0.1249321165,0.322399054,TRUE,FALSE,TRUE,FALSE
Western Indian,Western Indian Ocean,14184,V14184,51.16,-9.38,Fished,0,0,0,0,109,28,17,9,1523,728,601,639,621,574,177,201,18,16,33,20,25,22,24,16,275,282,255,120,105,354,235,180,14,9,9,5,9,13,13,9,0.420708955,0.544987147,0.11827957,0.521428571,0.447368421,0.040816327,-0.113207547,-0.2,14184,CELL014184,0.420708955,Seychelles,FALSE,FALSE,FALSE,Unprotected,100,-0.1249321165,0.322399054,FALSE,TRUE,FALSE,TRUE
Western Indian,Western Indian Ocean,14185,V14185,51,-10.26,Fished,0,0,0,0,3,0,0,0,92,6,38,24,50,28,5,0,9,2,9,3,4,2,3,0,30,52,30,0,10,0,0,0,3,2,2,0,2,0,0,0,0.295774648,0.76744186,-0.647058824,1,0.5,1,1,NA,14185,CELL014185,0.295774648,Seychelles,FALSE,FALSE,FALSE,Unprotected,100,-0.1249321165,0.322399054,FALSE,FALSE,FALSE,FALSE
Western Indian,Western Indian Ocean,14186,V14186,51.16,-10.26,Fished,0,0,0,0,19,0,3,0,126,0,46,0,293,346,134,126,5,0,5,0,24,22,29,21,5,28,20,0,30,0,0,0,1,1,1,0,5,0,0,0,-0.398568019,-0.488888889,-1,-1,-0.714285714,1,1,NA,14186,CELL014186,-0.398568019,Seychelles,FALSE,FALSE,FALSE,Unprotected,100,-0.1249321165,0.322399054,TRUE,FALSE,TRUE,FALSE
Western Indian,Western Indian Ocean,14187,V14187,51.08,-10.1,Fished,25,26,15,0,106,42,39,12,706,104,341,72,1102,1000,487,558,17,9,23,10,26,26,35,24,205,298,295,0,215,496,340,330,12,9,9,0,13,18,18,11,-0.219026549,-0.176328502,-0.811594203,-0.771428571,-0.023809524,-0.070866142,-0.249370277,-1,14187,CELL014187,-0.219026549,Seychelles,FALSE,FALSE,FALSE,Unprotected,100,-0.1249321165,0.322399054,TRUE,FALSE,TRUE,FALSE
Western Indian,Western Indian Ocean,14188,V14188,51.16,-9.78,Fished,0,0,0,0,2,0,0,0,46,10,48,15,52,0,1,0,11,2,10,4,4,0,1,0,30,52,30,0,0,0,0,0,5,2,2,0,0,0,0,0,-0.06122449,0.959183673,1,1,1,1,1,NA,14188,CELL014188,-0.06122449,Seychelles,FALSE,FALSE,FALSE,Unprotected,100,-0.1249321165,0.322399054,FALSE,FALSE,FALSE,FALSE
Western Indian,Western Indian Ocean,14189,V14189,51.4,-9.7,Fished,0,0,0,0,96,30,0,0,259,126,11,0,251,38,58,30,6,3,6,0,14,5,19,8,10,52,30,0,60,54,35,15,2,2,2,0,9,2,2,1,0.015686275,-0.68115942,0.536585366,-1,-0.714285714,-0.076923077,-0.018867925,-1,14189,CELL014189,0.015686275,Seychelles,FALSE,FALSE,FALSE,Unprotected,100,-0.1249321165,0.322399054,FALSE,FALSE,FALSE,FALSE
Western Indian,Western Indian Ocean,14190,V14190,50.36,-10.02,Fished,0,0,0,0,35,0,0,0,94,16,11,0,294,110,29,54,8,2,4,0,13,8,18,9,20,26,15,0,40,78,45,0,3,1,1,0,8,3,3,0,-0.515463918,-0.45,-0.746031746,-1,-0.333333333,-0.5,-0.5,NA,14190,CELL014190,-0.515463918,Seychelles,FALSE,FALSE,FALSE,Unprotected,100,-0.1249321165,0.322399054,TRUE,FALSE,TRUE,FALSE
Western Indian,Western Indian Ocean,14191,V14191,51.24,-9.78,Fished,0,0,0,0,57,0,0,0,145,2,22,0,345,228,374,645,4,1,3,0,25,20,29,25,25,0,0,0,205,0,0,0,3,0,0,0,22,0,0,0,-0.408163265,-0.888888889,-0.982608696,-1,-0.782608696,NA,NA,NA,14191,CELL014191,-0.408163265,Seychelles,FALSE,FALSE,FALSE,Unprotected,100,-0.1249321165,0.322399054,TRUE,FALSE,TRUE,FALSE
Western Indian,Western Indian Ocean,14192,V14192,51,-9.62,Fished,0,0,0,0,11,0,8,0,139,10,46,0,303,384,172,222,5,2,8,0,28,22,30,27,5,130,75,0,65,78,45,0,1,5,5,0,10,3,3,0,-0.371040724,-0.577981651,-0.949238579,-1,-0.857142857,0.25,0.25,NA,14192,CELL014192,-0.371040724,Seychelles,FALSE,FALSE,FALSE,Unprotected,100,-0.1249321165,0.322399054,TRUE,FALSE,TRUE,FALSE
Western Indian,Western Indian Ocean,14193,V14193,51,-9.54,Fished,85,40,50,225,794,578,109,213,3573,3194,2588,2250,14227,3630,10058,7248,35,25,100,61,155,57,249,114,4755,4598,5845,4065,14385,11876,15990,9720,109,113,113,55,281,274,274,97,-0.598539326,-0.590700617,-0.063892145,-0.526216045,-0.503134796,-0.464621021,-0.441787058,-0.410228509,14193,CELL014193,-0.598539326,Seychelles,FALSE,FALSE,FALSE,Unprotected,100,-0.1249321165,0.322399054,TRUE,FALSE,TRUE,FALSE
Western Indian,Western Indian Ocean,14194,V14194,51.32,-9.7,Fished,1355,538,1295,960,1483,1922,627,558,3431,3180,2297,2016,7557,4560,10190,5154,23,14,71,35,49,25,134,87,4625,4318,5595,2715,30085,16884,31410,21540,94,104,104,45,176,216,216,104,-0.375500546,-0.632097381,-0.178294574,-0.437656904,-0.733506194,-0.697608431,-0.592679936,-0.776128633,14194,CELL014194,-0.375500546,Seychelles,FALSE,FALSE,FALSE,Unprotected,100,-0.1249321165,0.322399054,TRUE,FALSE,TRUE,FALSE
Western Indian,Western Indian Ocean,14195,V14195,51,-9.38,Fished,270,120,250,375,614,992,184,342,3577,3192,2425,2223,6607,5526,5099,6345,37,19,82,42,132,48,199,90,4575,4228,5370,3015,11245,10120,12850,19125,103,104,104,49,234,249,249,96,-0.29752553,-0.355396066,-0.267721955,-0.481092437,-0.421618205,-0.41053787,-0.410649568,-0.727642276,14195,CELL014195,-0.29752553,Seychelles,FALSE,FALSE,FALSE,Unprotected,100,-0.1249321165,0.322399054,TRUE,FALSE,TRUE,FALSE
Western Indian,Western Indian Ocean,14196,V14196,51,-10.18,Fished,105,40,50,0,258,466,149,240,3115,2374,2495,2139,1604,2088,2100,2865,17,15,50,21,27,26,73,41,4480,3690,5075,3390,3495,4322,4205,3525,84,83,83,35,127,132,132,50,0.320194957,0.085963003,0.064096818,-0.145083933,0.123510972,0.09375,-0.078881677,-0.019522777,14196,CELL014196,0.320194957,Seychelles,FALSE,FALSE,FALSE,Unprotected,100,-0.1249321165,0.322399054,FALSE,FALSE,FALSE,TRUE
Western Indian,Western Indian Ocean,14197,V14197,51.08,-10.26,Fished,5,0,0,0,75,42,8,36,1391,1090,819,585,1685,1430,757,873,67,31,92,38,109,59,150,67,1110,1752,1530,480,995,1554,985,345,53,57,57,13,74,58,58,15,-0.095578674,0.039340102,-0.134920635,-0.197530864,0.054631829,0.216699801,0.059891107,0.163636364,14197,CELL014197,-0.095578674,Seychelles,FALSE,FALSE,FALSE,Unprotected,100,-0.1249321165,0.322399054,FALSE,FALSE,FALSE,FALSE
Western Indian,Western Indian Ocean,14198,V14198,51.08,-10.18,Fished,30,32,30,0,77,4,25,3,2444,1864,1311,1104,1813,1074,1088,1212,48,37,51,44,79,41,106,71,1730,1436,1690,1035,850,2218,2095,210,37,38,38,19,85,69,69,11,0.148226451,0.092955398,0.268890402,-0.046632124,0.341085271,-0.107001321,-0.214012042,0.662650602,14198,CELL014198,0.148226451,Seychelles,FALSE,FALSE,FALSE,Unprotected,100,-0.1249321165,0.322399054,FALSE,FALSE,FALSE,FALSE
Western Indian,Western Indian Ocean,14199,V14199,50.36,-9.94,Fished,0,0,0,0,31,2,10,0,1276,560,908,564,1023,638,981,387,127,55,163,59,152,64,192,50,1340,2556,2040,465,760,2498,1645,405,99,87,87,15,94,92,92,22,0.110047847,-0.038644786,-0.065108514,0.186119874,0.276190476,0.107191316,0.011476059,0.068965517,14199,CELL014199,0.110047847,Seychelles,FALSE,FALSE,FALSE,Unprotected,100,-0.1249321165,0.322399054,FALSE,FALSE,FALSE,FALSE
Western Indian,Western Indian Ocean,14200,V14200,50.44,-10.02,Fished,20,48,70,0,143,100,48,0,2329,2232,1439,1104,4812,4702,2388,1746,51,30,91,36,41,35,72,31,1770,2458,2545,465,2655,2474,2185,945,53,72,72,18,90,80,80,25,-0.347710405,-0.247974915,-0.356215748,-0.225263158,-0.2,0.076109937,-0.00324412,-0.340425532,14200,CELL014200,-0.347710405,Seychelles,FALSE,FALSE,FALSE,Unprotected,100,-0.1249321165,0.322399054,TRUE,FALSE,TRUE,FALSE
Western Indian,Western Indian Ocean,14201,V14201,50.44,-9.94,Fished,0,0,0,0,61,20,5,0,1268,612,891,573,1021,588,991,495,128,49,152,67,152,64,202,61,1020,2522,1855,435,740,3036,2140,540,80,89,89,24,87,109,109,26,0.107907383,-0.053134963,0.02,0.073033708,0.159090909,-0.071339174,-0.092479309,-0.107692308,14201,CELL014201,0.107907383,Seychelles,FALSE,FALSE,FALSE,Unprotected,100,-0.1249321165,0.322399054,FALSE,FALSE,FALSE,FALSE
Western Indian,Western Indian Ocean,14202,V14202,49.48,-18.26,Fished,0,0,0,0,42,0,6,0,1117,534,854,654,1233,800,1100,807,120,58,162,64,154,63,188,79,1325,2882,2205,465,1050,2264,1460,390,106,100,100,22,125,84,84,19,-0.049361702,-0.125895599,-0.1994003,-0.104722793,0.115789474,0.203274216,0.120093276,0.087719298,14202,CELL014202,-0.049361702,Madagascar,FALSE,FALSE,FALSE,Unprotected,199,-0.174266899,0.28266797099999996,FALSE,FALSE,FALSE,FALSE
Western Indian,Western Indian Ocean,14203,V14203,49.4,-18.34,Fished,0,0,0,0,0,0,0,0,2073,1150,1015,546,635,344,406,222,99,40,140,39,136,45,149,36,1435,2444,2160,315,380,1722,1155,360,87,79,79,12,50,63,63,13,0.531019202,0.428571429,0.539491299,0.421875,0.581267218,0.303167421,0.173307729,-0.066666667,14203,CELL014203,0.531019202,Madagascar,FALSE,FALSE,FALSE,Unprotected,199,-0.174266899,0.28266797099999996,FALSE,TRUE,FALSE,TRUE
Western Indian,Western Indian Ocean,14204,V14204,49.4,-18.42,Fished,0,0,0,0,0,0,1,0,2165,1098,1101,552,674,246,399,162,97,41,149,50,135,44,142,32,1445,2530,2125,345,390,1602,1005,735,83,84,84,12,59,60,60,19,0.525184924,0.468,0.633928571,0.546218487,0.57493188,0.357827476,0.224588577,-0.361111111,14204,CELL014204,0.525184924,Madagascar,FALSE,FALSE,FALSE,Unprotected,199,-0.174266899,0.28266797099999996,FALSE,TRUE,FALSE,TRUE
Western Indian,Western Indian Ocean,14205,V14205,46.68,-25.22,Fished,15,0,0,0,28,16,2,6,1253,800,795,540,1737,1986,790,966,82,44,101,50,123,64,165,83,1090,1788,1470,495,675,1610,1025,375,59,60,60,16,75,60,60,19,-0.16187291,0.003154574,-0.425699928,-0.282868526,0.235127479,0.178356713,0.052383755,0.137931034,14205,CELL014205,-0.16187291,Madagascar,FALSE,FALSE,FALSE,Unprotected,199,-0.174266899,0.28266797099999996,FALSE,FALSE,FALSE,FALSE
Western Indian,Western Indian Ocean,14206,V14206,48.52,-21.06,Fished,0,0,0,0,3,0,10,3,1017,398,866,666,1177,920,1281,951,131,51,172,62,146,69,194,83,1245,2902,2205,675,995,3282,2205,705,106,101,101,27,120,120,120,27,-0.072926162,-0.193292967,-0.396054628,-0.176252319,0.111607143,0,-0.0614489,-0.02173913,14206,CELL014206,-0.072926162,Madagascar,FALSE,FALSE,FALSE,Unprotected,199,-0.174266899,0.28266797099999996,FALSE,FALSE,FALSE,FALSE
Western Indian,Western Indian Ocean,14207,V14207,49.32,-18.74,Fished,15,0,0,0,17,0,12,0,1295,634,1030,702,1037,584,1029,573,136,53,168,66,152,61,205,69,1510,2608,2120,510,1010,3054,2085,450,105,88,88,23,114,111,111,26,0.110634648,0.000485673,0.041050903,0.101176471,0.198412698,0.008323424,-0.078770752,0.0625,14207,CELL014207,0.110634648,Madagascar,FALSE,FALSE,FALSE,Unprotected,199,-0.174266899,0.28266797099999996,FALSE,FALSE,FALSE,FALSE
Western Indian,Western Indian Ocean,14208,V14208,46.6,-25.22,Fished,0,0,0,0,15,0,8,0,1072,478,926,552,1005,628,1093,723,157,54,172,66,149,60,198,76,1250,3080,2350,615,1070,3294,2335,495,106,107,107,28,115,118,118,24,0.032258065,-0.082714215,-0.13562387,-0.134117647,0.077586207,0.003201708,-0.033573894,0.108108108,14208,CELL014208,0.032258065,Madagascar,FALSE,FALSE,FALSE,Unprotected,199,-0.174266899,0.28266797099999996,FALSE,FALSE,FALSE,FALSE
Western Indian,Western Indian Ocean,14209,V14209,47.24,-24.74,Fished,5,0,0,0,24,18,2,0,1396,652,1079,585,952,670,1051,705,136,58,166,64,143,63,210,67,1415,2860,2200,465,865,3282,2255,975,98,99,99,23,100,119,119,43,0.189097104,0.01314554,-0.013615734,-0.093023256,0.24122807,-0.012345679,-0.068707261,-0.354166667,14209,CELL014209,0.189097104,Madagascar,FALSE,FALSE,FALSE,Unprotected,199,-0.174266899,0.28266797099999996,FALSE,FALSE,FALSE,FALSE
Western Indian,Western Indian Ocean,14210,V14210,47.24,-24.82,Fished,10,44,60,105,212,240,134,408,3260,2698,2028,2211,7496,7264,4358,9363,29,28,45,29,182,62,252,79,1925,1496,1790,1845,4265,8672,10280,9225,40,39,39,21,222,228,228,98,-0.393826701,-0.364860633,-0.458341698,-0.617936755,-0.378029079,-0.703396852,-0.705743509,-0.666666667,14210,CELL014210,-0.393826701,Madagascar,FALSE,FALSE,FALSE,Unprotected,199,-0.174266899,0.28266797099999996,TRUE,FALSE,TRUE,FALSE
Western Indian,Western Indian Ocean,14211,V14211,48.2,-21.86,Fished,140,44,60,135,221,402,137,282,3404,2872,1996,2157,7898,6802,7951,11199,30,23,43,21,122,73,180,107,1960,1568,1770,2505,10745,9778,12045,13515,39,43,43,18,236,248,248,117,-0.397628738,-0.598672967,-0.406243539,-0.676999102,-0.691460055,-0.743756786,-0.723603032,-0.687265918,14211,CELL014211,-0.397628738,Madagascar,FALSE,FALSE,FALSE,Unprotected,199,-0.174266899,0.28266797099999996,TRUE,FALSE,TRUE,FALSE
Western Indian,Western Indian Ocean,14212,V14212,48.52,-21.14,Fished,5,26,15,30,14,22,23,72,3244,2510,2103,1782,5639,4732,2764,4047,27,24,41,23,171,55,231,80,1895,1422,1655,945,5200,7732,7530,5865,38,38,38,17,220,236,236,78,-0.269616121,-0.135812616,-0.30682132,-0.38857437,-0.465821001,-0.639629831,-0.689316146,-0.72246696,14212,CELL014212,-0.269616121,Madagascar,FALSE,FALSE,FALSE,Unprotected,199,-0.174266899,0.28266797099999996,TRUE,FALSE,TRUE,FALSE
Western Indian,Western Indian Ocean,14213,V14213,39.56,-6.98,Fished,75,42,55,105,301,396,88,252,3246,2854,2373,2199,2150,3606,1939,4575,75,54,111,76,41,37,79,71,4520,4378,5445,3405,2435,2812,3380,3975,103,110,110,52,86,73,73,56,0.203113417,0.100649351,-0.116408669,-0.350752879,0.299784328,0.233994334,0.217802503,-0.077235772,14213,CELL014213,0.203113417,Tanzania,TRUE,FALSE,TRUE,OECM only,136,-0.21795509625000004,0.34407915125,FALSE,FALSE,FALSE,FALSE
Western Indian,Western Indian Ocean,14214,V14214,39.48,-7.22,Fished,300,128,270,60,443,516,216,267,3432,3034,2282,1968,6475,8812,5090,7698,68,41,104,78,68,62,130,107,4510,4228,5570,3420,6980,5776,8440,4215,110,100,100,62,108,120,120,68,-0.307156556,-0.380900705,-0.487759581,-0.592799503,-0.214969539,-0.204853676,-0.154738105,-0.104125737,14214,CELL014214,-0.307156556,Tanzania,TRUE,FALSE,TRUE,OECM only,136,-0.21795509625000004,0.34407915125,TRUE,FALSE,TRUE,FALSE
Western Indian,Western Indian Ocean,14216,V14216,38.84,-6.1,Fished,0,0,0,0,11,30,2,9,3651,3252,2575,2484,414,406,324,825,49,24,89,57,71,29,87,51,3865,3468,4220,4365,1110,2464,2060,2880,87,89,89,42,81,82,82,52,0.796309963,0.776474646,0.778020776,0.501359927,0.553768844,0.343949045,0.169251517,0.204968944,14216,CELL014216,0.796309963,Tanzania,FALSE,FALSE,FALSE,Unprotected,136,-0.21795509625000004,0.34407915125,FALSE,TRUE,FALSE,TRUE
Western Indian,Western Indian Ocean,14217,V14217,40.84,-14.98,Fished,25,52,80,0,29,42,8,9,3659,3278,2602,2550,1382,1292,643,585,46,26,92,59,159,44,171,50,3890,3362,4055,4695,1280,3766,3565,4020,89,87,87,49,110,117,117,65,0.451696092,0.603697997,0.434573304,0.626794258,0.50483559,0.064304462,-0.05667789,0.077452668,14217,CELL014217,0.451696092,Mozambique,FALSE,FALSE,FALSE,Unprotected,110,-0.031222615250000002,0.30777515725,FALSE,TRUE,FALSE,TRUE
Western Indian,Western Indian Ocean,14218,V14218,40.52,-15.7,Fished,130,90,175,600,155,286,88,246,3596,3136,2537,2490,1772,2344,1386,2874,47,28,95,57,154,44,175,53,3800,3596,4340,4905,1595,3718,3795,7905,86,93,93,43,92,110,110,63,0.339791356,0.29339791,0.144525547,-0.071588367,0.40871177,0.066994468,-0.016680339,-0.234192037,14218,CELL014218,0.339791356,Mozambique,FALSE,FALSE,FALSE,Unprotected,110,-0.031222615250000002,0.30777515725,FALSE,TRUE,FALSE,TRUE
Western Indian,Western Indian Ocean,14219,V14219,41.4,-12.26,Fished,50,34,35,0,35,54,32,9,3580,3322,2600,2409,7023,5246,2693,1509,43,24,77,28,51,46,119,59,4055,3726,4765,4170,3190,6114,5285,1005,82,91,91,35,145,200,200,43,-0.324719419,-0.017570376,-0.224556489,0.229709035,0.119392685,-0.051741294,-0.242682927,0.611594203,14219,CELL014219,-0.324719419,Mozambique,FALSE,FALSE,FALSE,Unprotected,110,-0.031222615250000002,0.30777515725,TRUE,FALSE,TRUE,FALSE
Western Indian,Western Indian Ocean,14220,V14220,40.52,-11.78,Fished,45,0,0,15,21,0,0,0,3206,2288,1993,1317,1250,586,842,543,108,65,157,58,167,57,180,72,3070,3942,3755,1815,1175,3676,2690,825,114,122,122,45,106,130,130,34,0.438958707,0.405996473,0.592205985,0.416129032,0.446407538,0.165244375,0.034917301,0.375,14220,CELL014220,0.438958707,Mozambique,FALSE,FALSE,FALSE,Unprotected,110,-0.031222615250000002,0.30777515725,FALSE,TRUE,FALSE,TRUE
Western Indian,Western Indian Ocean,14221,V14221,41.32,-12.18,Fished,55,0,0,15,22,14,8,39,3303,2480,2044,1494,2141,1256,585,558,99,55,167,64,135,45,149,48,3095,4188,4170,1920,1270,2380,1500,570,111,126,126,50,102,89,89,32,0.213445996,0.554963865,0.327623126,0.456140351,0.418098511,0.470899471,0.275274056,0.542168675,14221,CELL014221,0.213445996,Mozambique,FALSE,FALSE,FALSE,Unprotected,110,-0.031222615250000002,0.30777515725,FALSE,FALSE,FALSE,FALSE
Western Indian,Western Indian Ocean,14222,V14222,41.48,-12.26,Fished,50,38,45,75,79,140,2,0,3282,2312,1951,1353,2520,2104,636,654,105,63,169,54,150,45,161,56,3000,3906,3715,1590,1625,4882,4855,3495,116,121,121,47,110,147,147,55,0.131334023,0.508310785,0.047101449,0.348281016,0.297297297,-0.13302217,-0.111060537,-0.374631268,14222,CELL014222,0.131334023,Mozambique,FALSE,FALSE,FALSE,Unprotected,110,-0.031222615250000002,0.30777515725,FALSE,FALSE,FALSE,FALSE
Western Indian,Western Indian Ocean,14223,V14223,40.68,-11.86,Fished,830,372,880,180,1425,350,633,3,2850,1932,1889,1410,7488,838,8824,183,77,24,138,44,55,17,84,15,2740,3170,3525,1230,23105,13880,26350,2130,79,88,88,17,135,167,167,37,-0.4486361,-0.647344348,0.394945848,0.770244821,-0.787966725,-0.764016736,-0.628152493,-0.267857143,14223,CELL014223,-0.4486361,Mozambique,FALSE,FALSE,FALSE,Unprotected,110,-0.031222615250000002,0.30777515725,TRUE,FALSE,TRUE,FALSE
Western Indian,Western Indian Ocean,14224,V14224,40.68,-11.78,Fished,5,26,15,0,19,2,2,3,3014,1898,1863,1125,1378,672,472,456,123,83,173,75,125,33,153,47,2605,3996,3640,1050,660,2160,1500,780,113,127,127,33,58,78,78,24,0.372495446,0.595717345,0.477042802,0.423149905,0.595712098,0.416342412,0.298245614,0.147540984,14224,CELL014224,0.372495446,Mozambique,FALSE,FALSE,FALSE,Unprotected,110,-0.031222615250000002,0.30777515725,FALSE,TRUE,FALSE,TRUE
Western Indian,Western Indian Ocean,14225,V14225,40.84,-15.06,Fished,0,0,0,0,45,0,0,0,3110,1994,1906,1071,1379,396,842,459,121,72,173,64,173,54,178,64,2875,3708,3570,1470,745,3072,2130,405,131,114,114,38,95,111,111,23,0.385609267,0.387190684,0.668619247,0.4,0.58839779,0.252631579,0.09380531,0.568,14225,CELL014225,0.385609267,Mozambique,FALSE,FALSE,FALSE,Unprotected,110,-0.031222615250000002,0.30777515725,FALSE,TRUE,FALSE,TRUE
Western Indian,Western Indian Ocean,14226,V14226,41.48,-12.18,Fished,5,26,15,15,56,0,4,0,2964,1864,1870,1071,1270,416,513,387,123,77,187,74,152,48,174,44,2765,3852,3680,960,515,2418,1645,255,129,119,119,30,67,88,88,13,0.400094473,0.569450273,0.635087719,0.469135802,0.68597561,0.382159624,0.228708134,0.580246914,14226,CELL014226,0.400094473,Mozambique,FALSE,FALSE,FALSE,Unprotected,110,-0.031222615250000002,0.30777515725,FALSE,TRUE,FALSE,TRUE
Western Indian,Western Indian Ocean,14227,V14227,41.4,-12.18,Fished,10,30,25,0,14,4,5,0,2885,2532,1539,1194,1854,1332,585,294,61,27,129,37,37,21,62,18,2205,2898,2895,765,745,1646,1315,300,73,87,87,18,62,56,56,17,0.217556447,0.449152542,0.310559006,0.60483871,0.494915254,0.375296912,0.275528169,0.436619718,14227,CELL014227,0.217556447,Mozambique,FALSE,FALSE,FALSE,Unprotected,110,-0.031222615250000002,0.30777515725,FALSE,FALSE,FALSE,FALSE
Western Indian,Western Indian Ocean,14228,V14228,41.4,-12.1,Fished,0,0,0,0,79,24,3,0,2947,2062,1542,915,1235,842,430,363,98,40,157,39,43,20,67,15,2550,2932,3030,660,340,1028,720,660,91,86,86,18,46,37,37,20,0.409373505,0.563894523,0.420110193,0.431924883,0.764705882,0.616,0.480808081,0,14228,CELL014228,0.409373505,Mozambique,FALSE,FALSE,FALSE,Unprotected,110,-0.031222615250000002,0.30777515725,FALSE,TRUE,FALSE,TRUE
Western Indian,Western Indian Ocean,14229,V14229,41.32,-12.1,Fished,0,0,0,0,0,0,0,0,2379,1378,1349,717,763,644,313,123,134,51,171,49,115,35,130,23,1985,2842,2655,570,320,1604,1010,285,110,89,89,22,50,60,60,17,0.514322088,0.623345367,0.363006924,0.707142857,0.722342733,0.448840382,0.278452542,0.333333333,14229,CELL014229,0.514322088,Mozambique,FALSE,FALSE,FALSE,Unprotected,110,-0.031222615250000002,0.30777515725,FALSE,TRUE,FALSE,TRUE
Western Indian,Western Indian Ocean,14230,V14230,40.12,-3.38,Fished,0,0,0,0,45,0,0,0,2776,1968,1533,1116,1371,990,269,177,113,40,149,37,43,19,55,16,2155,2694,2835,525,270,844,560,165,94,78,78,17,40,31,31,10,0.338799132,0.701442841,0.330628803,0.726218097,0.777319588,0.670103093,0.522894291,0.52173913,14230,CELL014230,0.338799132,Kenya,TRUE,TRUE,FALSE,MPA only,27,-0.1251549685,0.5619012225,FALSE,FALSE,FALSE,TRUE
Western Indian,Western Indian Ocean,14231,V14231,40.28,-2.98,Fished,0,0,0,0,0,0,4,0,2498,1754,1389,861,415,426,76,66,102,37,143,37,28,18,34,9,1550,2616,2390,330,55,1082,655,75,74,83,83,16,11,41,41,5,0.715070374,0.896245734,0.609174312,0.857605178,0.931464174,0.569786535,0.414818821,0.62962963,14231,CELL014231,0.715070374,Kenya,FALSE,FALSE,FALSE,Unprotected,27,-0.1251549685,0.5619012225,FALSE,TRUE,FALSE,TRUE
Western Indian,Western Indian Ocean,14232,V14232,39.8,-4.02,Fished,0,0,0,0,0,0,2,0,2560,1874,1443,996,692,606,151,84,86,44,133,43,33,19,49,11,1720,2512,2430,510,70,802,505,165,81,77,77,15,14,30,30,8,0.574415744,0.810539523,0.511290323,0.844444444,0.921787709,0.655877342,0.515992758,0.511111111,14232,CELL014232,0.574415744,Kenya,TRUE,TRUE,FALSE,MPA only,27,-0.1251549685,0.5619012225,FALSE,TRUE,FALSE,TRUE
Western Indian,Western Indian Ocean,14233,V14233,39.8,-7.7,Fished,0,0,0,0,3,0,0,0,2175,1194,1251,663,863,438,404,198,132,49,169,53,134,40,141,25,1820,3112,2780,495,415,1548,970,330,92,100,100,17,55,58,58,16,0.431863068,0.511782477,0.463235294,0.540069686,0.628635347,0.482666667,0.335622318,0.2,14233,CELL014233,0.431863068,Tanzania,TRUE,FALSE,TRUE,OECM only,136,-0.21795509625000004,0.34407915125,FALSE,TRUE,FALSE,TRUE
Western Indian,Western Indian Ocean,14234,V14234,39.72,-7.54,Fished,0,0,0,0,40,52,1,0,2782,1954,1568,1071,1101,876,207,87,110,40,149,46,40,21,52,13,2440,2966,2865,480,150,1276,840,165,102,91,91,17,24,47,47,10,0.432912696,0.766760563,0.380918728,0.849740933,0.884169884,0.546558704,0.398396983,0.488372093,14234,CELL014234,0.432912696,Tanzania,FALSE,FALSE,FALSE,Unprotected,136,-0.21795509625000004,0.34407915125,FALSE,TRUE,FALSE,TRUE
Western Indian,Western Indian Ocean,14235,V14235,39.48,-6.18,Fished,25,30,25,0,8,0,0,0,2458,1796,1606,984,874,560,172,198,123,53,161,38,54,18,69,17,1970,2700,2500,540,835,1284,860,405,85,85,85,15,67,47,47,20,0.475390156,0.806524184,0.524617997,0.664974619,0.404634581,0.488095238,0.355421687,0.142857143,14235,CELL014235,0.475390156,Tanzania,TRUE,TRUE,FALSE,MPA only,136,-0.21795509625000004,0.34407915125,FALSE,TRUE,FALSE,TRUE
Western Indian,Western Indian Ocean,14236,V14236,39.48,-6.02,Fished,0,0,0,0,1,0,0,0,2315,1332,1467,765,803,282,630,270,122,52,192,55,165,44,173,47,1845,2956,2490,420,565,1180,700,150,108,98,98,19,87,45,45,9,0.484926235,0.399141631,0.650557621,0.47826087,0.531120332,0.561128527,0.429400387,0.473684211,14236,CELL014236,0.484926235,Tanzania,TRUE,TRUE,FALSE,MPA only,136,-0.21795509625000004,0.34407915125,FALSE,TRUE,FALSE,TRUE
Western Indian,Western Indian Ocean,14237,V14237,39.56,-6.1,Fished,85,32,30,30,65,16,42,0,2125,1456,1689,1503,1989,186,1166,150,59,22,107,38,41,15,63,11,2640,2640,3150,1170,1830,2086,1765,555,62,69,69,27,78,69,69,22,0.033057851,0.183187391,0.773447016,0.818511797,0.181208054,0.281790437,0.117223868,0.356521739,14237,CELL014237,0.033057851,Tanzania,TRUE,TRUE,FALSE,MPA only,136,-0.21795509625000004,0.34407915125,FALSE,FALSE,FALSE,FALSE
Western Indian,Western Indian Ocean,14238,V14238,39.56,-6.18,Fished,0,26,15,0,5,0,0,0,2696,1584,1663,1062,1006,294,486,360,122,61,169,47,94,26,132,42,2165,3032,2780,720,425,1794,1085,435,98,96,96,18,52,68,68,21,0.456509995,0.547696603,0.686900958,0.493670886,0.671814672,0.4385511,0.256527145,0.246753247,14238,CELL014238,0.456509995,Tanzania,TRUE,TRUE,FALSE,MPA only,136,-0.21795509625000004,0.34407915125,FALSE,TRUE,FALSE,TRUE
Western Indian,Western Indian Ocean,14239,V14239,39,-5.78,Fished,165,64,110,45,102,0,103,0,2293,1714,1677,1296,2799,956,2930,609,58,31,98,36,40,10,60,15,2810,2586,3165,1020,3160,3374,3785,1485,67,66,66,21,80,93,93,26,-0.099371563,-0.271977426,0.283895131,0.360629921,-0.058626466,-0.089208633,-0.132214765,-0.185628743,14239,CELL014239,-0.099371563,Tanzania,FALSE,FALSE,FALSE,Unprotected,136,-0.21795509625000004,0.34407915125,FALSE,FALSE,FALSE,FALSE
Western Indian,Western Indian Ocean,14240,V14240,40.6,-10.5,Fished,10,0,0,0,64,28,4,0,2716,1892,1675,831,736,588,225,96,142,50,175,46,67,21,85,10,1945,3064,2810,555,625,1382,855,300,110,97,97,19,50,52,52,13,0.573580533,0.763157895,0.525806452,0.792880259,0.513618677,0.533424284,0.378317589,0.298245614,14240,CELL014240,0.573580533,Mozambique,FALSE,FALSE,FALSE,Unprotected,110,-0.031222615250000002,0.30777515725,FALSE,TRUE,FALSE,TRUE
Western Indian,Western Indian Ocean,14241,V14241,40.52,-10.42,Fished,10,0,0,0,36,36,0,0,2741,1946,1676,933,1155,588,190,204,139,52,170,39,59,22,75,15,1975,2846,2615,390,755,1288,820,405,100,90,90,15,72,48,48,18,0.407084189,0.796355841,0.535911602,0.64116095,0.446886447,0.522561863,0.376874698,-0.018867925,14241,CELL014241,0.407084189,Mozambique,FALSE,FALSE,FALSE,Unprotected,110,-0.031222615250000002,0.30777515725,FALSE,TRUE,FALSE,TRUE
Western Indian,Western Indian Ocean,14242,V14242,40.6,-10.58,Fished,10,36,40,0,36,4,34,0,2711,2104,1731,1152,1982,1220,701,441,80,35,141,39,43,20,65,17,2850,3426,3515,930,410,1900,1350,855,88,101,101,22,43,68,68,19,0.155337737,0.423519737,0.265944645,0.446327684,0.748466258,0.445015416,0.286518964,0.042016807,14242,CELL014242,0.155337737,Mozambique,FALSE,FALSE,FALSE,Unprotected,110,-0.031222615250000002,0.30777515725,FALSE,FALSE,FALSE,FALSE
Western Indian,Western Indian Ocean,14243,V14243,40.6,-10.82,Fished,0,0,0,0,8,10,0,0,2242,1202,1313,624,816,290,582,237,127,45,183,56,148,43,159,41,1645,3012,2480,300,535,1356,840,165,108,101,101,20,72,51,51,9,0.466317855,0.385751979,0.611260054,0.449477352,0.509174312,0.493975904,0.379120879,0.290322581,14243,CELL014243,0.466317855,Mozambique,FALSE,FALSE,FALSE,Unprotected,110,-0.031222615250000002,0.30777515725,FALSE,TRUE,FALSE,TRUE
Western Indian,Western Indian Ocean,14244,V14244,40.68,-10.82,Fished,5,28,20,0,17,26,16,0,1824,704,982,477,1666,1420,940,402,90,24,118,34,162,69,201,49,1100,2322,1855,315,580,2664,1810,675,64,79,79,13,60,97,97,32,0.045272206,0.021852237,-0.337099812,0.085324232,0.30952381,0.012278308,-0.068592058,-0.363636364,14244,CELL014244,0.045272206,Mozambique,FALSE,FALSE,FALSE,Unprotected,110,-0.031222615250000002,0.30777515725,FALSE,FALSE,FALSE,FALSE
Western Indian,Western Indian Ocean,14245,V14245,40.68,-10.66,Fished,190,90,175,0,1082,592,364,195,1905,1362,914,810,7966,8186,4636,5940,41,23,84,43,123,55,140,65,810,1380,1150,375,3950,4614,4285,1455,50,46,46,17,145,145,145,42,-0.614020869,-0.670630631,-0.71470465,-0.76,-0.659663866,-0.576816927,-0.53953954,-0.590163934,14245,CELL014245,-0.614020869,Mozambique,FALSE,FALSE,FALSE,Unprotected,110,-0.031222615250000002,0.30777515725,TRUE,FALSE,TRUE,FALSE
Western Indian,Western Indian Ocean,14246,V14246,40.68,-10.74,Fished,5,0,0,0,9,0,4,0,2327,1436,1134,669,1627,1838,339,294,63,30,116,33,58,40,82,34,1440,2324,2310,405,320,1710,1175,120,66,70,70,13,48,62,62,6,0.177035913,0.539714868,-0.122785583,0.3894081,0.636363636,0.325681492,0.152206247,0.542857143,14246,CELL014246,0.177035913,Mozambique,FALSE,FALSE,FALSE,Unprotected,110,-0.031222615250000002,0.30777515725,FALSE,FALSE,FALSE,FALSE
Western Indian,Western Indian Ocean,14247,V14247,40.68,-11.54,Fished,5,28,20,0,42,38,28,39,2240,1380,1169,678,3150,3204,1123,1671,73,33,105,36,68,36,84,45,1340,2046,1965,300,670,2424,1810,195,63,63,63,8,59,85,85,12,-0.168831169,0.020069808,-0.397905759,-0.422733078,0.333333333,0.041059603,-0.084563758,0.212121212,14247,CELL014247,-0.168831169,Mozambique,FALSE,FALSE,FALSE,Unprotected,110,-0.031222615250000002,0.30777515725,TRUE,FALSE,FALSE,FALSE
Western Indian,Western Indian Ocean,14248,V14248,40.52,-11.46,Fished,5,0,0,0,10,2,4,0,2314,1370,1223,735,1432,1626,225,132,68,33,110,36,55,38,67,23,1620,2522,2505,495,140,862,555,75,66,76,76,13,24,32,32,5,0.235451148,0.689226519,-0.085447263,0.69550173,0.840909091,0.637254902,0.490543735,0.736842105,14248,CELL014248,0.235451148,Mozambique,FALSE,FALSE,FALSE,Unprotected,110,-0.031222615250000002,0.30777515725,FALSE,FALSE,FALSE,FALSE
Western Indian,Western Indian Ocean,14249,V14249,40.6,-11.3,Fished,0,0,0,0,10,16,1,0,2132,1498,1197,666,586,876,63,90,85,37,125,37,39,31,34,15,1570,2278,2295,660,45,930,575,90,79,68,68,17,8,35,35,5,0.568800589,0.9,0.262005055,0.761904762,0.944272446,0.599303136,0.420199501,0.76,14249,CELL014249,0.568800589,Mozambique,FALSE,FALSE,FALSE,Unprotected,110,-0.031222615250000002,0.30777515725,FALSE,TRUE,FALSE,TRUE
Western Indian,Western Indian Ocean,14250,V14250,40.52,-11.3,Fished,0,0,0,0,53,104,0,0,2057,1440,1204,627,1247,1804,96,93,77,37,115,39,46,34,36,11,1395,2318,2195,465,95,980,600,240,68,72,72,11,19,37,37,8,0.245157385,0.852307692,-0.112207152,0.741666667,0.872483221,0.570661896,0.405700424,0.319148936,14250,CELL014250,0.245157385,Mozambique,FALSE,FALSE,FALSE,Unprotected,110,-0.031222615250000002,0.30777515725,FALSE,FALSE,FALSE,FALSE
Western Indian,Western Indian Ocean,14251,V14251,40.68,-11.38,Fished,40,60,100,0,600,310,79,24,2314,1522,1215,903,7110,5068,2952,3531,71,29,108,40,94,43,113,53,1515,2184,2010,495,3055,4062,4055,1515,65,69,69,15,100,122,122,37,-0.508913413,-0.416846652,-0.538088012,-0.592692828,-0.336980306,-0.337180544,-0.30067243,-0.507462687,14251,CELL014251,-0.508913413,Mozambique,FALSE,FALSE,FALSE,Unprotected,110,-0.031222615250000002,0.30777515725,TRUE,FALSE,TRUE,FALSE
Western Indian,Western Indian Ocean,14252,V14252,40.6,-11.38,Fished,10,28,20,0,124,14,75,18,2495,1476,1222,780,2035,1470,905,645,58,30,105,35,69,40,102,35,1375,2150,2175,345,615,2388,1670,660,72,64,64,11,58,86,86,21,0.101545254,0.149036201,0.00203666,0.094736842,0.381909548,0.131339402,-0.052446011,-0.313432836,14252,CELL014252,0.101545254,Mozambique,FALSE,FALSE,FALSE,Unprotected,110,-0.031222615250000002,0.30777515725,FALSE,FALSE,FALSE,FALSE
Western Indian,Western Indian Ocean,14253,V14253,40.68,-11.62,Fished,35,46,65,0,270,18,135,33,2403,1440,1251,861,4173,2778,1797,1839,65,28,104,42,75,42,97,44,1390,2186,2165,465,2290,3074,2735,1695,65,66,66,17,98,99,99,36,-0.269160584,-0.179133858,-0.317211949,-0.362222222,-0.244565217,-0.116326531,-0.168821293,-0.569444444,14253,CELL014253,-0.269160584,Mozambique,FALSE,FALSE,FALSE,Unprotected,110,-0.031222615250000002,0.30777515725,TRUE,FALSE,TRUE,FALSE
Western Indian,Western Indian Ocean,14254,V14254,40.6,-11.62,Fished,10,26,15,0,112,112,14,6,1270,916,790,429,2611,3430,1102,1332,98,25,124,38,107,60,135,60,1050,1630,1325,255,890,2114,1435,345,64,55,55,12,101,77,77,19,-0.345529503,-0.164904863,-0.578462954,-0.512776831,0.082474227,-0.039855072,-0.129273504,-0.15,14254,CELL014254,-0.345529503,Mozambique,FALSE,FALSE,FALSE,Unprotected,110,-0.031222615250000002,0.30777515725,TRUE,FALSE,TRUE,FALSE
Western Indian,Western Indian Ocean,14255,V14255,40.6,-11.54,Fished,15,0,0,0,232,148,28,27,1410,1006,842,540,681,634,425,1104,73,25,98,33,38,34,56,49,825,1776,1340,420,250,658,395,45,60,62,62,15,31,25,25,3,0.348637016,0.329123915,0.226829268,-0.343065693,0.534883721,0.544668588,0.459326212,0.806451613,14255,CELL014255,0.348637016,Mozambique,FALSE,FALSE,FALSE,Unprotected,110,-0.031222615250000002,0.30777515725,FALSE,TRUE,FALSE,TRUE
Western Indian,Western Indian Ocean,14256,V14256,40.68,-11.46,Fished,95,44,60,75,213,20,61,9,2028,1110,1104,558,1868,1226,942,960,64,27,88,44,81,46,104,54,1070,1858,1495,765,915,2310,1725,960,45,63,63,16,78,81,81,33,0.041067762,0.079178886,-0.049657534,-0.264822134,0.078085642,-0.071428571,-0.108445298,-0.113043478,14256,CELL014256,0.041067762,Mozambique,FALSE,FALSE,FALSE,Unprotected,110,-0.031222615250000002,0.30777515725,FALSE,FALSE,FALSE,FALSE
Western Indian,Western Indian Ocean,14257,V14257,40.52,-11.54,Fished,70,44,60,0,160,164,51,27,1962,1088,1202,540,1675,1066,1173,999,55,30,87,37,82,51,108,51,1200,1898,1595,585,930,1576,1090,255,55,63,63,11,69,57,57,14,0.078911191,0.012210526,0.010213556,-0.298245614,0.126760563,0.188081937,0.092688543,0.392857143,14257,CELL014257,0.078911191,Mozambique,FALSE,FALSE,FALSE,Unprotected,110,-0.031222615250000002,0.30777515725,FALSE,FALSE,FALSE,FALSE
Western Indian,Western Indian Ocean,14258,V14258,40.6,-11.46,Fished,240,66,115,315,174,122,150,171,3033,2230,1601,1554,3221,1342,2585,2781,41,24,45,32,35,19,53,31,2015,1262,1705,1500,3880,3014,3385,2745,34,29,29,19,67,83,83,46,-0.030060761,-0.235069279,0.248600224,-0.283044983,-0.316369805,-0.330058939,-0.409728718,-0.293286219,14258,CELL014258,-0.030060761,Mozambique,FALSE,FALSE,FALSE,Unprotected,110,-0.031222615250000002,0.30777515725,FALSE,FALSE,FALSE,FALSE
Western Indian,Western Indian Ocean,14259,V14259,40.68,-11.06,Fished,45,40,50,165,320,254,136,141,2874,2236,1521,1485,2960,1734,2741,1755,41,29,46,33,30,19,45,31,2000,1346,1665,1560,1940,2126,2465,2535,38,34,34,18,59,57,57,53,-0.014741172,-0.286250587,0.126448363,-0.083333333,0.015228426,-0.1937046,-0.224654378,-0.238095238,14259,CELL014259,-0.014741172,Mozambique,FALSE,FALSE,FALSE,Unprotected,110,-0.031222615250000002,0.30777515725,FALSE,FALSE,FALSE,FALSE
Western Indian,Western Indian Ocean,14260,V14260,40.76,-10.98,Fished,10,40,50,0,22,0,10,0,2332,1622,1363,1107,1453,1034,859,1074,46,30,46,31,92,39,124,78,1680,1646,1915,1170,690,1902,1405,165,41,44,44,17,69,67,67,11,0.232232497,0.226822682,0.221385542,0.015130674,0.417721519,0.153614458,-0.072153326,0.752808989,14260,CELL014260,0.232232497,Mozambique,FALSE,FALSE,FALSE,Unprotected,110,-0.031222615250000002,0.30777515725,FALSE,FALSE,FALSE,FALSE
Western Indian,Western Indian Ocean,14261,V14261,40.76,-11.06,Fished,0,30,25,0,45,0,43,9,2858,2204,1430,1443,826,586,878,402,40,29,48,37,38,28,64,31,1830,1418,1895,1515,405,1750,1225,135,33,33,33,17,45,63,63,9,0.551574376,0.239168111,0.579928315,0.564227642,0.637583893,0.21474359,-0.10479798,0.836363636,14261,CELL014261,0.551574376,Mozambique,FALSE,FALSE,FALSE,Unprotected,110,-0.031222615250000002,0.30777515725,FALSE,TRUE,FALSE,TRUE
Western Indian,Western Indian Ocean,14262,V14262,40.6,-11.06,Fished,265,112,230,315,277,156,154,48,2618,1692,1436,1287,3790,2852,2263,1374,44,33,48,33,35,32,78,56,1770,1376,1640,1155,7980,5112,8230,11295,39,36,36,17,91,91,91,64,-0.18289638,-0.223573939,-0.25528169,-0.032694476,-0.636923077,-0.667679838,-0.575832306,-0.814457831,14262,CELL014262,-0.18289638,Mozambique,FALSE,FALSE,FALSE,Unprotected,110,-0.031222615250000002,0.30777515725,TRUE,FALSE,TRUE,FALSE
Western Indian,Western Indian Ocean,14263,V14263,40.6,-10.9,Fished,80,76,140,15,166,88,111,21,2313,1452,1298,1011,2218,956,1664,1023,44,33,52,36,56,36,89,63,1540,1378,1595,1125,3215,2874,3685,1065,41,37,37,14,67,70,70,40,0.020966674,-0.123565159,0.205980066,-0.005899705,-0.352260778,-0.395833333,-0.351834431,0.02739726,14263,CELL014263,0.020966674,Mozambique,FALSE,FALSE,FALSE,Unprotected,110,-0.031222615250000002,0.30777515725,FALSE,FALSE,FALSE,FALSE
Western Indian,Western Indian Ocean,14264,V14264,40.68,-10.9,Fished,270,98,195,150,402,402,142,54,2771,1984,1534,1347,3413,1828,2209,1383,38,27,45,35,28,21,49,33,1820,1388,1720,1620,6505,3928,6270,1395,37,35,35,19,65,71,71,25,-0.1038163,-0.180336628,0.0409234,-0.013186813,-0.562762763,-0.569461827,-0.477802859,0.074626866,14264,CELL014264,-0.1038163,Mozambique,FALSE,FALSE,FALSE,Unprotected,110,-0.031222615250000002,0.30777515725,TRUE,FALSE,FALSE,FALSE
Western Indian,Western Indian Ocean,14265,V14265,40.68,-10.98,Fished,0,28,20,0,9,0,23,9,2354,1568,1336,1218,727,448,623,774,45,28,50,32,81,31,100,64,1845,1624,2060,1350,430,1378,895,135,41,40,40,16,49,51,51,9,0.5280753,0.363961205,0.555555556,0.222891566,0.621978022,0.394247039,0.08194537,0.818181818,14265,CELL014265,0.5280753,Mozambique,FALSE,FALSE,FALSE,Unprotected,110,-0.031222615250000002,0.30777515725,FALSE,TRUE,FALSE,TRUE
Western Indian,Western Indian Ocean,14266,V14266,40.6,-10.98,Fished,15,36,40,0,237,32,79,0,1426,1088,786,615,3020,1988,1985,1197,65,31,91,39,101,61,130,67,1060,1514,1335,615,2060,2308,2220,465,56,49,49,17,90,71,71,22,-0.358524516,-0.432695778,-0.292587776,-0.321192053,-0.320512821,-0.248945148,-0.207744636,0.138888889,14266,CELL014266,-0.358524516,Mozambique,FALSE,FALSE,FALSE,Unprotected,110,-0.031222615250000002,0.30777515725,TRUE,FALSE,TRUE,FALSE
Western Indian,Western Indian Ocean,14267,V14267,40.68,-11.22,Fished,25,62,105,0,319,274,94,159,1785,1218,906,834,1802,1262,851,777,62,29,76,32,59,27,99,57,1375,1556,1640,945,1030,2558,3145,240,52,45,45,19,57,65,65,12,-0.004739336,0.031303358,-0.017741935,0.03538175,0.143451143,-0.314524556,-0.24355858,0.594936709,14267,CELL014267,-0.004739336,Mozambique,FALSE,FALSE,FALSE,Unprotected,110,-0.031222615250000002,0.30777515725,FALSE,FALSE,FALSE,FALSE
Western Indian,Western Indian Ocean,14268,V14268,40.68,-11.3,Fished,45,32,30,0,77,48,12,21,1803,1264,961,876,1721,636,392,546,57,28,76,34,78,38,114,71,1295,1546,1615,1020,1415,1726,1215,195,52,45,45,14,63,62,62,12,0.023269012,0.420546933,0.330526316,0.232067511,-0.044280443,0.141342756,-0.055012225,0.679012346,14268,CELL014268,0.023269012,Mozambique,FALSE,FALSE,FALSE,Unprotected,110,-0.031222615250000002,0.30777515725,FALSE,FALSE,FALSE,FALSE
Western Indian,Western Indian Ocean,14269,V14269,40.68,-11.14,Fished,75,38,45,135,270,268,114,213,3493,2900,1859,2244,12803,8446,16446,5922,30,22,37,17,111,65,164,69,2060,1436,1940,2160,9670,10870,12725,5475,37,33,33,16,247,289,289,79,-0.571305842,-0.796886097,-0.488806628,-0.450404115,-0.648763853,-0.73542448,-0.76661791,-0.434184676,14269,CELL014269,-0.571305842,Mozambique,FALSE,FALSE,FALSE,Unprotected,110,-0.031222615250000002,0.30777515725,TRUE,FALSE,TRUE,FALSE
Western Indian,Western Indian Ocean,14270,V14270,40.6,-11.14,Fished,150,32,30,150,58,110,0,0,3433,2956,1766,2346,9480,8440,5394,7503,28,23,38,22,169,66,247,67,2075,1412,1730,2100,8265,8004,7360,8145,38,36,36,17,257,253,253,77,-0.468287772,-0.506703911,-0.481221481,-0.523606458,-0.598646035,-0.619361936,-0.700084962,-0.590043924,14270,CELL014270,-0.468287772,Mozambique,FALSE,FALSE,FALSE,Unprotected,110,-0.031222615250000002,0.30777515725,TRUE,FALSE,TRUE,FALSE
Western Indian,Western Indian Ocean,14271,V14271,40.6,-11.22,Fished,0,0,0,0,0,0,0,0,3373,2698,2366,1995,1087,1042,688,468,82,56,95,51,170,54,189,74,3395,3140,3600,3090,585,2660,1800,390,87,85,85,40,90,97,97,21,0.512556054,0.549443353,0.442780749,0.619975639,0.706030151,0.333333333,0.082758621,0.775862069,14271,CELL014271,0.512556054,Mozambique,FALSE,FALSE,FALSE,Unprotected,110,-0.031222615250000002,0.30777515725,FALSE,TRUE,FALSE,TRUE
Western Indian,Western Indian Ocean,14272,V14272,40.76,-11.14,Fished,0,0,0,0,0,0,0,0,3329,2554,2226,1992,691,432,764,747,86,66,94,60,151,57,194,96,3275,2596,2990,2985,550,2684,1810,750,79,70,70,33,69,98,98,36,0.656218905,0.488963211,0.710649699,0.454545455,0.712418301,0.245833333,-0.016666667,0.598393574,14272,CELL014272,0.656218905,Mozambique,FALSE,FALSE,FALSE,Unprotected,110,-0.031222615250000002,0.30777515725,FALSE,TRUE,FALSE,TRUE
Western Indian,Western Indian Ocean,14273,V14273,40.68,-12.5,Fished,15,0,0,15,151,204,52,99,3438,3122,2435,2121,2533,2496,1499,2268,41,28,89,59,43,34,79,63,4645,4210,5775,3570,440,1682,1055,360,102,95,95,56,56,63,63,17,0.151565902,0.237925775,0.111427554,-0.033492823,0.826941986,0.691068814,0.429056348,0.816793893,14273,CELL014273,0.151565902,Mozambique,TRUE,TRUE,FALSE,MPA only,110,-0.031222615250000002,0.30777515725,FALSE,FALSE,FALSE,FALSE
Western Indian,Western Indian Ocean,14274,V14274,40.6,-12.98,Fished,0,26,15,0,94,88,28,48,3407,3094,2335,2247,2028,2664,509,1311,51,35,96,66,43,27,72,49,4570,4642,6005,3945,220,1896,1190,525,107,112,112,57,37,71,71,27,0.253725851,0.642053446,0.074678708,0.26306914,0.908141962,0.669214732,0.420006118,0.765100671,14274,CELL014274,0.253725851,Mozambique,FALSE,FALSE,FALSE,Unprotected,110,-0.031222615250000002,0.30777515725,FALSE,FALSE,FALSE,FALSE
Western Indian,Western Indian Ocean,14275,V14275,40.6,-11.94,Fished,30,52,80,45,346,538,38,84,3357,3056,2339,2298,3260,4940,1464,2673,71,36,109,73,44,47,90,79,4205,4504,5710,3405,2060,2824,2760,2850,106,111,111,54,83,86,86,59,0.014659211,0.230081515,-0.235617809,-0.075437538,0.342378292,0.348288076,0.229257642,0.088729017,14275,CELL014275,0.014659211,Mozambique,FALSE,FALSE,FALSE,Unprotected,110,-0.031222615250000002,0.30777515725,FALSE,FALSE,FALSE,FALSE
Western Indian,Western Indian Ocean,14276,V14276,40.6,-12.02,Fished,0,0,0,0,0,0,0,0,3232,2658,2136,1884,478,308,735,885,75,54,86,50,134,54,189,97,2670,2602,2855,2430,730,1360,900,465,68,73,73,35,84,50,50,25,0.742318059,0.487983281,0.792312879,0.360780065,0.570588235,0.520639148,0.313478041,0.678756477,14276,CELL014276,0.742318059,Mozambique,FALSE,FALSE,FALSE,Unprotected,110,-0.031222615250000002,0.30777515725,FALSE,TRUE,FALSE,TRUE
Western Indian,Western Indian Ocean,14277,V14277,40.6,-11.86,Fished,0,0,0,0,0,0,0,0,3231,2654,2269,2115,601,316,713,771,88,63,95,54,160,61,189,87,3035,2484,3060,3105,595,1736,1090,615,81,63,63,36,76,65,65,29,0.686325678,0.521797451,0.787205387,0.465696466,0.672176309,0.474698795,0.177251185,0.669354839,14277,CELL014277,0.686325678,Mozambique,FALSE,FALSE,FALSE,Unprotected,110,-0.031222615250000002,0.30777515725,FALSE,TRUE,FALSE,TRUE
Western Indian,Western Indian Ocean,14278,V14278,40.6,-11.7,Fished,0,0,0,0,74,126,1,3,3424,3104,2327,2088,2122,3160,480,927,45,28,90,67,41,28,76,46,4680,4058,5395,4350,535,1414,885,195,107,95,95,55,58,53,53,11,0.234763794,0.657997862,-0.008939974,0.385074627,0.794822627,0.718152866,0.483187135,0.914191419,14278,CELL014278,0.234763794,Mozambique,FALSE,FALSE,FALSE,Unprotected,110,-0.031222615250000002,0.30777515725,FALSE,FALSE,FALSE,FALSE
Western Indian,Western Indian Ocean,14279,V14279,40.6,-11.78,Fished,130,38,45,30,229,202,162,51,3535,3032,2407,2310,7598,5618,5762,3045,64,33,117,78,100,69,182,123,4460,4330,5375,3960,5635,6004,7260,1410,119,109,109,59,145,155,155,51,-0.364951046,-0.410698984,-0.298959538,-0.137254902,-0.116394255,-0.149188761,-0.161989549,0.474860335,14279,CELL014279,-0.364951046,Mozambique,FALSE,FALSE,FALSE,Unprotected,110,-0.031222615250000002,0.30777515725,TRUE,FALSE,TRUE,FALSE
Western Indian,Western Indian Ocean,14281,V14281,40.6,-12.18,Fished,0,0,0,0,5,2,0,0,3234,2656,2359,2118,1304,912,943,453,101,66,131,90,161,47,222,58,4075,4172,4830,3795,730,2636,1690,1950,120,112,112,61,96,98,98,75,0.425297488,0.428831012,0.488789238,0.647607935,0.696149844,0.481595092,0.225616921,0.321148825,14281,CELL014281,0.425297488,Mozambique,TRUE,TRUE,FALSE,MPA only,110,-0.031222615250000002,0.30777515725,FALSE,TRUE,FALSE,TRUE
Western Indian,Western Indian Ocean,14282,V14282,40.6,-12.26,Fished,145,48,70,75,173,122,125,27,2136,2840,1476,2595,2966,1738,2268,1026,23,17,44,35,39,32,84,46,2470,2424,3060,3750,5080,5012,4830,5475,46,60,60,45,146,154,154,90,-0.162681301,-0.211538462,0.24071647,0.433305717,-0.345695364,-0.224334601,-0.348036579,-0.18699187,14282,CELL014282,-0.162681301,Mozambique,TRUE,TRUE,FALSE,MPA only,110,-0.031222615250000002,0.30777515725,TRUE,FALSE,FALSE,FALSE
Western Indian,Western Indian Ocean,14283,V14283,40.76,-14.18,Fished,565,230,525,465,953,728,361,9,2425,2958,1509,2505,4674,3520,4241,2151,17,12,41,34,44,33,81,57,2400,2060,2850,4455,11530,9220,13550,11835,56,46,46,40,175,190,190,96,-0.316805184,-0.475130435,-0.086755171,0.076030928,-0.655419957,-0.652439024,-0.634751773,-0.453038674,14283,CELL014283,-0.316805184,Mozambique,FALSE,FALSE,FALSE,Unprotected,110,-0.031222615250000002,0.30777515725,TRUE,FALSE,TRUE,FALSE
Western Indian,Western Indian Ocean,14284,V14284,40.68,-14.18,Fished,15,46,65,15,2,14,25,66,3333,2890,2451,2226,847,1074,713,2130,67,50,108,78,56,29,73,55,4855,4632,5980,4665,2485,2540,2050,3495,111,112,112,66,113,86,86,90,0.594736842,0.549304678,0.458123108,0.022038567,0.322888283,0.489414695,0.291689905,0.143382353,14284,CELL014284,0.594736842,Mozambique,FALSE,FALSE,FALSE,Unprotected,110,-0.031222615250000002,0.30777515725,FALSE,TRUE,FALSE,TRUE
Western Indian,Western Indian Ocean,14285,V14285,40.84,-14.42,Fished,5,0,0,60,0,0,2,3,3568,2946,2311,2157,741,382,290,396,61,44,97,65,59,31,83,43,4650,4892,5830,4170,620,2530,1675,930,105,128,128,53,77,93,93,36,0.656068693,0.777008843,0.770432692,0.689776733,0.764705882,0.553630913,0.318243061,0.635294118,14285,CELL014285,0.656068693,Mozambique,FALSE,FALSE,FALSE,Unprotected,110,-0.031222615250000002,0.30777515725,FALSE,TRUE,FALSE,TRUE
Western Indian,Western Indian Ocean,14286,V14286,40.6,-13.54,Fished,10,26,15,0,49,82,2,18,3054,2712,2007,2370,1722,1376,868,1092,71,51,91,70,151,45,210,59,3900,3714,4435,4065,930,3362,2305,1860,86,97,97,49,97,122,122,63,0.278894472,0.396173913,0.326810176,0.36915078,0.614906832,0.316023739,0.049745619,0.372151899,14286,CELL014286,0.278894472,Mozambique,FALSE,FALSE,FALSE,Unprotected,110,-0.031222615250000002,0.30777515725,FALSE,FALSE,FALSE,FALSE
Western Indian,Western Indian Ocean,14287,V14287,40.6,-13.62,Fished,0,32,30,15,83,96,4,18,2875,2920,1775,2277,1642,1436,758,1020,45,30,74,55,41,29,87,50,3190,3614,4285,3915,700,3408,2570,2850,82,95,95,46,86,119,119,71,0.272968785,0.401500197,0.340679522,0.381255687,0.640102828,0.250182349,0.029336371,0.157427938,14287,CELL014287,0.272968785,Mozambique,FALSE,FALSE,FALSE,Unprotected,110,-0.031222615250000002,0.30777515725,FALSE,FALSE,FALSE,FALSE
Western Indian,Western Indian Ocean,14288,V14288,40.28,-15.86,Fished,25,36,40,45,132,144,8,3,2289,2982,1442,2373,1950,1862,1111,531,30,22,52,43,31,23,76,40,2435,2504,2960,3600,2235,4238,3595,4530,57,66,66,44,111,140,140,76,0.079971691,0.129651391,0.231213873,0.634297521,0.042826552,-0.096872616,-0.257193711,-0.114391144,14288,CELL014288,0.079971691,Mozambique,FALSE,FALSE,FALSE,Unprotected,110,-0.031222615250000002,0.30777515725,FALSE,FALSE,FALSE,FALSE
Western Indian,Western Indian Ocean,14289,V14289,40.36,-15.78,Fished,10,30,25,15,19,34,8,18,2825,2446,1995,2205,1348,914,829,927,66,48,101,75,148,50,199,59,3700,4206,5065,3870,690,3356,2340,1935,89,109,109,53,98,121,121,62,0.353942008,0.412889518,0.455952381,0.408045977,0.685649203,0.367994598,0.112404126,0.333333333,14289,CELL014289,0.353942008,Mozambique,FALSE,FALSE,FALSE,Unprotected,110,-0.031222615250000002,0.30777515725,FALSE,TRUE,FALSE,TRUE
Western Indian,Western Indian Ocean,14290,V14290,40.44,-15.86,Fished,5,28,20,15,26,32,0,3,2418,2724,1649,2301,2349,2322,867,1680,45,29,74,55,50,37,85,48,3005,3490,3925,4395,2140,3362,2655,5010,85,96,96,56,146,115,115,88,0.014474512,0.310810811,0.079667063,0.155990957,0.168124393,0.193009119,0.018680677,-0.06539075,14290,CELL014290,0.014474512,Mozambique,FALSE,FALSE,FALSE,Unprotected,110,-0.031222615250000002,0.30777515725,FALSE,FALSE,FALSE,FALSE
Western Indian,Western Indian Ocean,14291,V14291,40.36,-15.86,Fished,5,32,30,30,37,94,0,0,3177,2520,2307,1941,2314,1412,1738,1446,102,70,126,97,211,60,271,74,4750,4516,5640,4005,1625,2898,1995,1875,108,113,113,61,156,105,105,56,0.157166272,0.140667491,0.281790437,0.146147033,0.490196078,0.47740668,0.21823577,0.362244898,14291,CELL014291,0.157166272,Mozambique,FALSE,FALSE,FALSE,Unprotected,110,-0.031222615250000002,0.30777515725,FALSE,FALSE,FALSE,FALSE
Western Indian,Western Indian Ocean,14292,V14292,40.52,-15.62,Fished,25,26,15,0,81,52,0,3,3069,2486,2084,2271,1187,682,617,774,57,46,92,73,96,38,137,53,4385,4520,5450,4230,915,2928,1970,885,100,117,117,52,75,107,107,32,0.442199248,0.543132173,0.569444444,0.491625616,0.654716981,0.469002695,0.213748657,0.653958944,14292,CELL014292,0.442199248,Mozambique,FALSE,FALSE,FALSE,Unprotected,110,-0.031222615250000002,0.30777515725,FALSE,TRUE,FALSE,TRUE
Western Indian,Western Indian Ocean,14293,V14293,40.6,-15.54,Fished,0,26,15,150,8,8,15,45,3310,2596,2270,1857,1778,1838,1212,2103,77,54,110,69,172,64,229,86,4160,4466,5415,3525,3090,4188,3570,4275,105,115,115,59,136,138,138,93,0.301100629,0.303848363,0.170951737,-0.062121212,0.147586207,0.205342237,0.032123873,-0.096153846,14293,CELL014293,0.301100629,Mozambique,FALSE,FALSE,FALSE,Unprotected,110,-0.031222615250000002,0.30777515725,FALSE,FALSE,FALSE,FALSE
Western Indian,Western Indian Ocean,14294,V14294,40.44,-15.7,Fished,10,42,55,30,109,210,42,120,3362,3030,2475,2223,2047,2878,923,2424,55,36,99,77,47,31,73,52,4830,4642,6105,4290,525,4392,4430,2820,113,110,110,65,65,131,131,74,0.24311333,0.456739258,0.025727827,-0.043253712,0.803921569,0.15899383,0.027673234,0.206751055,14294,CELL014294,0.24311333,Mozambique,FALSE,FALSE,FALSE,Unprotected,110,-0.031222615250000002,0.30777515725,FALSE,FALSE,FALSE,FALSE
Western Indian,Western Indian Ocean,14295,V14295,40.44,-15.78,Fished,60,30,25,30,182,198,25,33,3353,2994,2339,2265,2040,3102,637,1299,71,35,104,70,35,28,55,47,4630,4374,5885,3555,1530,1924,1860,3045,114,101,101,54,59,59,59,55,0.243463749,0.571908602,-0.017716535,0.271043771,0.503246753,0.519690123,0.389012385,0.077272727,14295,CELL014295,0.243463749,Mozambique,FALSE,FALSE,FALSE,Unprotected,110,-0.031222615250000002,0.30777515725,FALSE,FALSE,FALSE,FALSE
Western Indian,Western Indian Ocean,14296,V14296,40.36,-15.94,Fished,75,48,70,225,566,926,115,264,3513,3298,2474,2247,1724,2892,984,2598,43,23,90,69,32,21,46,40,4695,4266,5515,4500,2125,3220,3800,8760,116,103,103,62,61,85,85,66,0.341607791,0.430884905,0.065589661,-0.07244582,0.376832845,0.184111648,0.139727491,-0.321266968,14296,CELL014296,0.341607791,Mozambique,FALSE,FALSE,FALSE,Unprotected,110,-0.031222615250000002,0.30777515725,FALSE,TRUE,FALSE,TRUE
Western Indian,Western Indian Ocean,14297,V14297,40.84,-14.9,Fished,45,28,20,0,72,126,31,66,3498,3208,2343,2091,2088,2198,619,1485,47,34,92,65,54,36,85,51,4795,4374,5735,3840,945,3794,2585,2100,98,104,104,55,92,138,138,65,0.252416756,0.582039163,0.186829449,0.169463087,0.670731707,0.378605769,0.071008815,0.292929293,14297,CELL014297,0.252416756,Mozambique,FALSE,FALSE,FALSE,Unprotected,110,-0.031222615250000002,0.30777515725,FALSE,FALSE,FALSE,FALSE
Western Indian,Western Indian Ocean,14298,V14298,40.76,-15.06,Fished,0,0,0,0,30,76,0,0,3192,2610,2321,1935,1812,1106,1125,588,87,58,112,75,194,65,254,66,4205,4062,5005,3435,950,3790,2625,3525,112,103,103,53,121,137,137,88,0.275779376,0.347069066,0.404736276,0.533888228,0.6314258,0.311926606,0.034640856,-0.012931034,14298,CELL014298,0.275779376,Mozambique,FALSE,FALSE,FALSE,Unprotected,110,-0.031222615250000002,0.30777515725,FALSE,FALSE,FALSE,FALSE
Western Indian,Western Indian Ocean,14299,V14299,40.68,-15.38,Fished,30,26,15,30,1,2,5,21,3628,3280,2444,2277,999,850,329,588,59,43,92,55,64,28,80,42,4755,4586,5915,4515,1085,2908,2270,3045,108,111,111,53,86,100,100,77,0.56818673,0.762711864,0.588377724,0.589528796,0.628424658,0.445326817,0.223912463,0.194444444,14299,CELL014299,0.56818673,Mozambique,FALSE,FALSE,FALSE,Unprotected,110,-0.031222615250000002,0.30777515725,FALSE,TRUE,FALSE,TRUE
Western Indian,Western Indian Ocean,14300,V14300,40.76,-15.14,Fished,60,48,70,90,65,46,43,63,3295,2822,2229,1677,3416,4626,2004,3735,78,51,113,68,160,68,230,97,4310,4248,5070,3285,4405,6992,8780,9675,110,111,111,56,152,174,174,90,-0.0180301,0.053153792,-0.242212675,-0.380266075,-0.010900746,-0.267870036,-0.244128114,-0.493055556,14300,CELL014300,-0.0180301,Mozambique,FALSE,FALSE,FALSE,Unprotected,110,-0.031222615250000002,0.30777515725,FALSE,FALSE,FALSE,FALSE
Western Indian,Western Indian Ocean,14301,V14301,40.6,-2.58,Fished,180,52,80,255,277,240,47,138,3358,3112,1960,2280,4512,2494,3852,3963,62,43,61,52,169,42,214,55,3020,3378,3895,4635,7130,6102,6855,12840,65,91,91,73,189,168,168,85,-0.146632783,-0.325533379,0.11023903,-0.269581932,-0.404926108,-0.275348837,-0.287341772,-0.469527897,14301,CELL014301,-0.146632783,Kenya,FALSE,FALSE,FALSE,Unprotected,27,-0.1251549685,0.5619012225,TRUE,FALSE,FALSE,FALSE
Western Indian,Western Indian Ocean,14302,V14302,40.68,-2.58,Fished,0,0,0,0,98,98,6,6,3437,3060,2165,2286,2759,908,1509,1020,71,41,90,71,126,45,183,54,3310,3556,3890,3180,1210,3346,2615,1485,90,100,100,61,106,115,115,28,0.109425436,0.178551987,0.54233871,0.382940109,0.46460177,0.196003075,0.030425963,0.363344051,14302,CELL014302,0.109425436,Kenya,FALSE,FALSE,FALSE,Unprotected,27,-0.1251549685,0.5619012225,FALSE,FALSE,FALSE,FALSE
Western Indian,Western Indian Ocean,14303,V14303,39.88,-6.9,Fished,10,30,25,150,88,192,54,147,3459,3022,2129,2214,3521,1616,1875,828,58,29,92,73,85,33,144,31,3175,3476,3840,3570,1060,2104,1610,1380,89,97,97,68,85,73,73,34,-0.008882521,0.063436563,0.303147909,0.455621302,0.499409681,0.409174312,0.245878136,0.442424242,14303,CELL014303,-0.008882521,Tanzania,FALSE,FALSE,FALSE,Unprotected,136,-0.21795509625000004,0.34407915125,FALSE,FALSE,FALSE,FALSE
Western Indian,Western Indian Ocean,14304,V14304,39.96,-6.98,Fished,20,28,20,0,171,164,12,3,2986,3176,1930,2436,2740,2904,1050,690,51,38,82,63,41,29,88,40,3280,3646,4165,3720,1210,4266,3215,1995,84,99,99,52,116,149,149,64,0.042961928,0.295302013,0.044736842,0.558541267,0.461024499,0.128726287,-0.078361982,0.30183727,14304,CELL014304,0.042961928,Tanzania,FALSE,FALSE,FALSE,Unprotected,136,-0.21795509625000004,0.34407915125,FALSE,FALSE,FALSE,FALSE
Western Indian,Western Indian Ocean,14305,V14305,39.64,-7.62,Fished,250,96,190,225,237,224,146,105,2875,3032,1652,2415,4659,5374,3881,2706,31,14,51,28,29,25,79,48,2680,2690,3225,4710,6395,5764,6460,5580,62,70,70,46,134,159,159,79,-0.236793204,-0.402855594,-0.278610516,-0.056824839,-0.409366391,-0.334021683,-0.363614857,-0.084548105,14305,CELL014305,-0.236793204,Tanzania,TRUE,FALSE,TRUE,OECM only,136,-0.21795509625000004,0.34407915125,TRUE,FALSE,TRUE,FALSE
Western Indian,Western Indian Ocean,14306,V14306,39.56,-7.54,Fished,0,32,30,90,0,2,3,3,3080,2896,1855,2187,2277,1828,1197,1113,65,40,100,85,150,49,212,61,3180,3582,4155,2985,1290,3328,2820,4800,84,96,96,50,125,110,110,59,0.149897331,0.21559633,0.226079594,0.325454545,0.422818792,0.191397849,0.036758321,-0.233140655,14306,CELL014306,0.149897331,Tanzania,FALSE,FALSE,FALSE,Unprotected,136,-0.21795509625000004,0.34407915125,FALSE,FALSE,FALSE,FALSE
Western Indian,Western Indian Ocean,14307,V14307,39.64,-7.7,Fished,75,44,60,15,305,252,113,75,2929,3170,1850,2376,4988,6262,3017,2205,61,34,86,68,43,31,97,54,3170,3518,3895,3840,3195,5760,5600,2070,77,98,98,50,147,176,176,71,-0.26007326,-0.239778097,-0.327820187,0.037328094,-0.00392773,-0.179568194,-0.241646907,0.299492386,14307,CELL014307,-0.26007326,Tanzania,TRUE,TRUE,TRUE,MPA-OECM overlap,136,-0.21795509625000004,0.34407915125,TRUE,FALSE,TRUE,FALSE
Western Indian,Western Indian Ocean,14308,V14308,39.72,-7.62,Fished,10,60,100,135,115,154,12,0,2566,3124,1547,2289,2935,3212,1471,945,32,17,55,36,28,22,84,42,2470,2740,3200,3630,2105,4960,4550,5190,57,73,73,42,127,157,157,84,-0.067078713,0.02518224,-0.013888889,0.415584416,0.079781421,-0.174193548,-0.288311688,-0.176870748,14308,CELL014308,-0.067078713,Tanzania,TRUE,TRUE,TRUE,MPA-OECM overlap,136,-0.21795509625000004,0.34407915125,FALSE,FALSE,FALSE,FALSE
Western Indian,Western Indian Ocean,14309,V14309,39.96,-6.82,Fished,15,32,30,0,56,68,9,39,2919,2756,1967,2328,1644,1138,1010,1374,65,52,102,91,142,38,204,59,3590,3638,4195,3525,790,3278,2245,1185,89,98,98,54,109,119,119,50,0.279421433,0.321464562,0.415511043,0.257698541,0.639269406,0.302795031,0.05205321,0.496815287,14309,CELL014309,0.279421433,Tanzania,FALSE,FALSE,FALSE,Unprotected,136,-0.21795509625000004,0.34407915125,FALSE,FALSE,FALSE,FALSE
Western Indian,Western Indian Ocean,14310,V14310,39.96,-6.9,Fished,0,30,25,30,7,16,8,18,3012,2698,1883,2313,1525,1090,1021,1077,79,52,99,86,150,53,201,59,3550,3896,4540,3765,935,3134,2385,1245,88,104,104,55,109,109,109,46,0.327749614,0.296831956,0.424498416,0.36460177,0.583054627,0.311191336,0.108392603,0.502994012,14310,CELL014310,0.327749614,Tanzania,FALSE,FALSE,FALSE,Unprotected,136,-0.21795509625000004,0.34407915125,FALSE,FALSE,FALSE,TRUE
Western Indian,Western Indian Ocean,14311,V14311,39.56,-7.62,Fished,235,82,155,585,414,552,102,252,3515,3264,1973,2409,5078,4188,2883,3525,40,27,54,47,124,29,151,42,2815,2794,3635,4050,7895,5134,5935,12135,51,67,67,39,169,138,138,74,-0.181892238,-0.187397035,-0.123993559,-0.188068756,-0.474323063,-0.240334378,-0.295156408,-0.499536608,14311,CELL014311,-0.181892238,Tanzania,TRUE,FALSE,TRUE,OECM only,136,-0.21795509625000004,0.34407915125,FALSE,FALSE,TRUE,FALSE
Western Indian,Western Indian Ocean,14312,V14312,39.64,-7.38,Fished,5,28,20,75,10,32,1,27,3111,2814,2007,2313,3217,2108,1655,1023,81,65,97,78,189,62,243,65,3605,4324,4860,4020,2275,3674,2685,2205,97,119,119,63,163,130,130,59,-0.016750948,0.096122338,0.143437627,0.386690647,0.226190476,0.288270378,0.081270318,0.291566265,14312,CELL014312,-0.016750948,Tanzania,FALSE,FALSE,FALSE,Unprotected,136,-0.21795509625000004,0.34407915125,FALSE,FALSE,FALSE,FALSE
Western Indian,Western Indian Ocean,14313,V14313,39.64,-8.1,Fished,175,86,165,330,549,740,250,471,3555,3312,1906,2544,2298,2450,2993,6663,21,13,47,36,27,16,69,38,2740,2554,3285,4470,5675,5302,6905,7770,49,62,62,46,125,127,127,72,0.214761661,-0.221882017,0.149600833,-0.447376996,-0.348781937,-0.355250245,-0.349796334,-0.269607843,14313,CELL014313,0.214761661,Tanzania,TRUE,TRUE,FALSE,MPA only,136,-0.21795509625000004,0.34407915125,FALSE,FALSE,FALSE,FALSE
Western Indian,Western Indian Ocean,14314,V14314,39.72,-8.1,Fished,300,156,340,300,765,1306,312,453,3184,3182,1844,2469,9319,13226,7270,11634,40,28,68,60,39,29,80,48,2765,3302,3755,3975,14235,11634,18685,20505,69,90,90,62,163,208,208,93,-0.490682236,-0.595347817,-0.612140419,-0.649861732,-0.674705882,-0.665329768,-0.557846813,-0.675245098,14314,CELL014314,-0.490682236,Tanzania,TRUE,TRUE,FALSE,MPA only,136,-0.21795509625000004,0.34407915125,TRUE,FALSE,TRUE,FALSE
Western Indian,Western Indian Ocean,14315,V14315,39.4,-8.34,Fished,485,198,445,60,538,636,345,516,3123,2880,1782,2550,6110,7510,6347,6498,27,11,45,39,29,25,78,51,3015,2698,3545,4380,10955,8442,12855,6675,44,64,64,49,126,165,165,79,-0.323513484,-0.561569689,-0.445620789,-0.436339523,-0.568360773,-0.567682927,-0.51561939,-0.207598372,14315,CELL014315,-0.323513484,Tanzania,FALSE,FALSE,FALSE,Unprotected,136,-0.21795509625000004,0.34407915125,TRUE,FALSE,TRUE,FALSE
Western Indian,Western Indian Ocean,14316,V14316,39.4,-8.26,Fished,15,30,25,0,99,160,7,15,3164,3134,1935,2277,2808,2334,1176,1452,47,32,65,54,111,33,143,46,3225,3314,3835,4635,1650,2674,2185,1155,78,89,89,44,120,90,90,44,0.05961152,0.243972999,0.146305779,0.221238938,0.323076923,0.274086379,0.106880428,0.601036269,14316,CELL014316,0.05961152,Tanzania,FALSE,FALSE,FALSE,Unprotected,136,-0.21795509625000004,0.34407915125,FALSE,FALSE,FALSE,FALSE
Western Indian,Western Indian Ocean,14317,V14317,39.64,-8.02,MPA,155,72,130,345,258,354,62,141,3262,2758,2143,1980,7109,4682,5581,9693,22,18,43,21,134,77,199,92,2150,1472,1780,2220,14255,10418,14945,27180,39,38,38,17,239,222,222,112,-0.370938193,-0.445106163,-0.258602151,-0.66075559,-0.737884791,-0.787144993,-0.752396972,-0.848979592,14317,CELL014317,-0.370938193,Tanzania,TRUE,TRUE,FALSE,MPA only,136,-0.21795509625000004,0.34407915125,TRUE,FALSE,TRUE,FALSE
Western Indian,Western Indian Ocean,14318,V14318,39.56,-8.1,Fished,45,34,35,225,47,2,8,36,3448,3122,1822,2202,11312,5128,5261,3141,33,24,42,21,171,74,260,82,1860,1308,1670,1845,4940,9904,10760,7560,39,32,32,15,255,280,280,68,-0.532791328,-0.485528731,-0.243151515,-0.175743964,-0.452941176,-0.731295253,-0.766678559,-0.607655502,14318,CELL014318,-0.532791328,Tanzania,TRUE,TRUE,FALSE,MPA only,136,-0.21795509625000004,0.34407915125,TRUE,FALSE,TRUE,FALSE
Western Indian,Western Indian Ocean,14319,V14319,39.56,-8.42,Fished,25,26,15,60,270,264,57,180,3313,2768,2155,2115,10536,10976,3905,5481,27,19,44,25,142,53,201,67,1915,1544,1960,1725,7765,8900,9550,7905,36,38,38,17,245,254,254,83,-0.521553903,-0.288778878,-0.597206054,-0.443127962,-0.604338843,-0.659426586,-0.704327844,-0.641744548,14319,CELL014319,-0.521553903,Tanzania,FALSE,FALSE,FALSE,Unprotected,136,-0.21795509625000004,0.34407915125,TRUE,FALSE,TRUE,FALSE
Western Indian,Western Indian Ocean,14320,V14320,39.48,-8.42,Fished,20,48,70,300,377,748,149,474,3340,2646,2165,2031,3262,4298,1365,3219,93,23,142,63,62,39,69,39,3130,3832,3930,2610,375,2154,1585,1830,104,113,113,43,48,76,76,36,0.011814602,0.226628895,-0.237903226,-0.226285714,0.786019971,0.425203989,0.280320748,0.175675676,14320,CELL014320,0.011814602,Tanzania,FALSE,FALSE,FALSE,Unprotected,136,-0.21795509625000004,0.34407915125,FALSE,FALSE,FALSE,FALSE
Western Indian,Western Indian Ocean,14321,V14321,39.48,-8.5,Fished,0,30,25,15,77,142,19,63,3405,2716,2198,1959,1289,1156,775,1443,106,62,158,77,107,42,104,41,2980,3798,4145,2460,405,2560,1650,420,96,107,107,41,59,95,95,21,0.45078824,0.478641103,0.402892562,0.151675485,0.76070901,0.430543572,0.194715319,0.708333333,14321,CELL014321,0.45078824,Tanzania,FALSE,FALSE,FALSE,Unprotected,136,-0.21795509625000004,0.34407915125,FALSE,TRUE,FALSE,TRUE
Western Indian,Western Indian Ocean,14322,V14322,39.4,-8.42,Fished,25,0,0,0,97,172,35,90,3319,2566,2078,1623,1445,1178,332,462,91,35,156,66,94,31,101,28,3040,3734,3835,2325,655,2178,1345,435,111,110,110,49,57,82,82,25,0.393366919,0.724481328,0.370726496,0.556834532,0.645466847,0.480694981,0.263193505,0.684782609,14322,CELL014322,0.393366919,Tanzania,FALSE,FALSE,FALSE,Unprotected,136,-0.21795509625000004,0.34407915125,FALSE,TRUE,FALSE,TRUE
Western Indian,Western Indian Ocean,14323,V14323,39.56,-8.34,Fished,45,0,0,0,7,0,4,33,3333,2436,2144,1788,936,470,661,585,119,80,176,93,164,54,160,60,3225,3608,3770,2190,995,1814,1135,300,117,105,105,58,99,68,68,18,0.56148981,0.528698752,0.676531315,0.506953224,0.528436019,0.537206932,0.330874216,0.759036145,14323,CELL014323,0.56148981,Tanzania,FALSE,FALSE,FALSE,Unprotected,136,-0.21795509625000004,0.34407915125,FALSE,TRUE,FALSE,TRUE
Western Indian,Western Indian Ocean,14324,V14324,39.48,-8.34,Fished,0,0,0,0,210,444,29,78,3428,2760,2183,1953,1637,1282,493,525,86,43,162,64,94,30,92,32,2965,3618,3845,2430,455,2380,1550,345,102,104,104,44,55,88,88,20,0.353603159,0.631539611,0.365660564,0.576271186,0.733918129,0.425393883,0.206402134,0.751351351,14324,CELL014324,0.353603159,Tanzania,FALSE,FALSE,FALSE,Unprotected,136,-0.21795509625000004,0.34407915125,FALSE,TRUE,FALSE,TRUE
Western Indian,Western Indian Ocean,14325,V14325,39.64,-8.34,Fished,0,0,0,0,12,18,22,48,3020,2560,1794,1668,574,716,372,693,53,42,57,43,48,34,100,58,1960,1746,2015,2205,350,1412,980,1185,53,47,47,23,44,51,51,44,0.680578742,0.656509695,0.562881563,0.41296061,0.696969697,0.34557596,0.105763141,0.300884956,14325,CELL014325,0.680578742,Tanzania,FALSE,FALSE,FALSE,Unprotected,136,-0.21795509625000004,0.34407915125,FALSE,TRUE,FALSE,TRUE
Western Indian,Western Indian Ocean,14326,V14326,39.56,-8.26,Fished,0,0,0,0,2,2,0,0,3362,2788,2190,1938,650,264,478,276,26,23,45,26,131,27,179,44,2400,1646,1965,1650,265,1024,660,120,46,43,43,21,45,38,38,8,0.675972084,0.64167916,0.826998689,0.750677507,0.801125704,0.497142857,0.232958801,0.86440678,14326,CELL014326,0.675972084,Tanzania,FALSE,FALSE,FALSE,Unprotected,136,-0.21795509625000004,0.34407915125,FALSE,TRUE,FALSE,TRUE
Western Indian,Western Indian Ocean,14328,V14328,39.64,-7.78,Fished,0,0,0,0,0,0,0,0,3396,2808,2326,1923,2905,1394,1566,279,28,25,46,28,67,25,127,30,2505,1826,2215,1860,3755,5640,5400,525,46,47,47,20,173,174,174,25,0.077924139,0.195272354,0.336506426,0.746594005,-0.199680511,-0.418253447,-0.510849183,0.559748428,14328,CELL014328,0.077924139,Tanzania,TRUE,FALSE,TRUE,OECM only,136,-0.21795509625000004,0.34407915125,FALSE,FALSE,FALSE,FALSE
Western Indian,Western Indian Ocean,14329,V14329,39.72,-7.7,Fished,0,0,0,0,0,0,0,0,3473,2920,2214,1962,1046,450,421,81,29,21,45,30,114,24,151,17,2390,1732,2030,1950,485,2604,1710,120,45,46,46,21,70,96,96,7,0.537065723,0.680455408,0.732937685,0.920704846,0.662608696,0.085561497,-0.201107011,0.884057971,14329,CELL014329,0.537065723,Tanzania,TRUE,TRUE,TRUE,MPA-OECM overlap,136,-0.21795509625000004,0.34407915125,FALSE,TRUE,FALSE,TRUE
Western Indian,Western Indian Ocean,14330,V14330,39.72,-7.78,Fished,0,0,0,0,0,0,0,0,3429,2796,2265,1986,1960,580,536,84,28,27,45,31,99,30,129,22,2475,1752,2080,1785,780,3866,2965,75,49,46,46,22,93,134,134,5,0.272592318,0.617279543,0.656398104,0.91884058,0.520737327,-0.175421209,-0.376290495,0.919354839,14330,CELL014330,0.272592318,Tanzania,TRUE,FALSE,TRUE,OECM only,136,-0.21795509625000004,0.34407915125,FALSE,FALSE,FALSE,FALSE
Western Indian,Western Indian Ocean,14331,V14331,39.56,-7.78,Fished,0,0,0,15,72,126,3,21,3106,2614,1822,1680,884,1160,184,603,51,41,49,37,28,26,53,50,2160,1814,2185,2835,190,688,420,690,48,47,47,25,24,26,26,27,0.556892231,0.816550349,0.385267621,0.4717477,0.838297872,0.677543186,0.450039968,0.608510638,14331,CELL014331,0.556892231,Tanzania,TRUE,FALSE,TRUE,OECM only,136,-0.21795509625000004,0.34407915125,FALSE,TRUE,FALSE,TRUE
Western Indian,Western Indian Ocean,14332,V14332,39.8,-8.02,MPA,0,36,40,105,16,26,22,48,3086,2578,1860,1815,862,1244,341,795,53,38,61,44,58,28,89,38,1945,2052,2480,2565,300,1618,1145,1125,54,53,53,35,43,58,58,26,0.563323202,0.690140845,0.34903192,0.390804598,0.732739421,0.368275862,0.118256131,0.390243902,14332,CELL014332,0.563323202,Tanzania,TRUE,TRUE,FALSE,MPA only,136,-0.21795509625000004,0.34407915125,FALSE,TRUE,FALSE,TRUE
Western Indian,Western Indian Ocean,14333,V14333,39.56,-8.02,MPA,0,0,0,0,0,0,0,0,3399,2814,2235,1908,900,188,675,222,36,29,51,30,144,34,181,32,2375,1810,2175,1935,260,1614,1035,60,45,47,47,27,39,60,60,4,0.581297976,0.536082474,0.874750167,0.791549296,0.802656546,0.355140187,0.057242991,0.939849624,14333,CELL014333,0.581297976,Tanzania,TRUE,TRUE,FALSE,MPA only,136,-0.21795509625000004,0.34407915125,FALSE,TRUE,FALSE,TRUE
Western Indian,Western Indian Ocean,14334,V14334,39.88,-7.62,Fished,0,26,15,0,0,2,0,0,3061,2802,1886,1815,468,612,703,1257,53,35,50,32,113,46,159,74,1895,1778,2195,2580,330,804,510,465,48,45,45,21,41,30,30,24,0.734769056,0.456933179,0.641476274,0.181640625,0.703370787,0.622920518,0.377226956,0.694581281,14334,CELL014334,0.734769056,Tanzania,TRUE,FALSE,TRUE,OECM only,136,-0.21795509625000004,0.34407915125,FALSE,TRUE,FALSE,TRUE
Western Indian,Western Indian Ocean,14335,V14335,39.64,-9.06,Fished,5,0,0,15,257,478,61,210,3310,2800,1960,2022,2080,3340,594,1443,52,38,57,41,64,42,104,61,2075,1904,2360,2835,1540,2010,1525,3150,55,48,48,34,82,70,70,62,0.228200371,0.534847298,-0.087947883,0.167099567,0.147994467,0.214929215,-0.027082269,-0.052631579,14335,CELL014335,0.228200371,Tanzania,FALSE,FALSE,FALSE,Unprotected,136,-0.21795509625000004,0.34407915125,FALSE,FALSE,FALSE,FALSE
Western Indian,Western Indian Ocean,14336,V14336,39.8,-9.7,Fished,0,0,0,30,16,28,2,6,3041,2614,1807,1722,531,622,173,369,55,40,62,44,32,26,76,51,2120,1842,2155,2205,160,832,530,1125,55,49,49,32,28,31,31,40,0.70268757,0.825252525,0.615574784,0.647058824,0.859649123,0.605214153,0.377711294,0.324324324,14336,CELL014336,0.70268757,Tanzania,FALSE,FALSE,FALSE,Unprotected,136,-0.21795509625000004,0.34407915125,FALSE,TRUE,FALSE,TRUE
Western Indian,Western Indian Ocean,14337,V14337,39.8,-9.78,Fished,35,28,20,75,188,298,55,120,3343,2748,2099,1647,6697,7006,2650,2673,28,19,44,26,123,47,169,79,2240,1814,2135,1680,4385,7672,7030,7710,45,48,48,22,200,243,243,92,-0.334063745,-0.116024426,-0.436538856,-0.2375,-0.323773585,-0.534097109,-0.61754164,-0.642172524,14337,CELL014337,-0.334063745,Tanzania,FALSE,FALSE,FALSE,Unprotected,136,-0.21795509625000004,0.34407915125,TRUE,FALSE,TRUE,FALSE
Western Indian,Western Indian Ocean,14338,V14338,39.48,-8.58,Fished,0,32,30,45,55,80,10,24,3422,2726,2142,1818,4263,2610,1471,1341,26,20,46,29,83,38,129,51,2205,1934,2185,1830,2180,6484,5610,2055,46,53,53,24,141,212,212,56,-0.109433962,0.18571824,0.02173913,0.150997151,0.005701254,-0.439384221,-0.540508434,-0.057915058,14338,CELL014338,-0.109433962,Tanzania,FALSE,FALSE,FALSE,Unprotected,136,-0.21795509625000004,0.34407915125,FALSE,FALSE,FALSE,FALSE
Western Indian,Western Indian Ocean,14339,V14339,39.4,-8.58,Fished,40,34,35,60,164,220,41,159,3329,2748,2104,1695,9791,10186,3513,4434,26,16,41,18,155,52,202,68,2045,1432,1630,1335,4975,7662,6155,3960,39,39,39,16,221,260,260,93,-0.492530488,-0.250845647,-0.57507345,-0.446891826,-0.417378917,-0.581245986,-0.685067077,-0.495750708,14339,CELL014339,-0.492530488,Tanzania,FALSE,FALSE,FALSE,Unprotected,136,-0.21795509625000004,0.34407915125,TRUE,FALSE,TRUE,FALSE
Western Indian,Western Indian Ocean,14340,V14340,39.56,-8.66,Fished,5,0,0,0,0,0,0,0,3337,2644,2241,1797,3440,1944,836,180,24,18,45,28,98,27,144,34,2250,1812,2180,1710,1545,4406,3215,240,44,47,47,22,136,156,156,8,-0.015198465,0.456613585,0.152571927,0.817905918,0.185770751,-0.1918443,-0.417175941,0.753846154,14340,CELL014340,-0.015198465,Tanzania,FALSE,FALSE,FALSE,Unprotected,136,-0.21795509625000004,0.34407915125,FALSE,FALSE,FALSE,FALSE
Western Indian,Western Indian Ocean,14341,V14341,39.48,-8.66,Fished,0,0,0,0,33,64,0,0,3453,2772,2261,1941,2372,1688,626,135,32,19,45,27,45,17,93,21,2305,1840,2300,2085,1650,3692,2680,465,46,46,46,22,114,131,131,19,0.185579399,0.566331832,0.243049327,0.869942197,0.165613148,-0.076305221,-0.334779465,0.635294118,14341,CELL014341,0.185579399,Tanzania,FALSE,FALSE,FALSE,Unprotected,136,-0.21795509625000004,0.34407915125,FALSE,FALSE,FALSE,FALSE
Western Indian,Western Indian Ocean,14342,V14342,39.4,-8.5,Fished,25,42,55,60,326,392,88,222,3363,2826,2272,2016,2609,3396,734,1809,59,49,71,54,23,13,45,20,2185,2122,2405,2880,545,982,755,675,64,58,58,43,36,34,34,21,0.126255861,0.51164338,-0.091610415,0.054117647,0.600732601,0.522151899,0.367268041,0.620253165,14342,CELL014342,0.126255861,Tanzania,FALSE,FALSE,FALSE,Unprotected,136,-0.21795509625000004,0.34407915125,FALSE,FALSE,FALSE,FALSE
Western Indian,Western Indian Ocean,14343,V14343,39.56,-8.5,Fished,0,0,0,0,22,28,6,0,3549,3212,2376,2058,4619,3022,953,387,34,28,51,33,120,62,189,61,2740,1938,2345,1860,2770,5572,4630,360,53,50,50,27,171,186,186,23,-0.130999021,0.427455692,0.030478024,0.683435583,-0.005444646,-0.327598566,-0.483888149,0.675675676,14343,CELL014343,-0.130999021,Tanzania,FALSE,FALSE,FALSE,Unprotected,136,-0.21795509625000004,0.34407915125,FALSE,FALSE,FALSE,FALSE
Western Indian,Western Indian Ocean,14344,V14344,39.56,-8.58,Fished,5,0,0,30,231,76,25,78,3426,2930,2180,2043,1517,1344,345,930,69,57,77,60,15,15,19,19,2470,2172,2580,2430,110,586,365,540,71,57,57,36,16,22,22,18,0.386202711,0.726732673,0.371080955,0.374369324,0.914728682,0.752122241,0.575054387,0.636363636,14344,CELL014344,0.386202711,Tanzania,FALSE,FALSE,FALSE,Unprotected,136,-0.21795509625000004,0.34407915125,FALSE,TRUE,FALSE,TRUE
Western Indian,Western Indian Ocean,14345,V14345,39.56,-8.9,Fished,75,34,35,30,302,350,49,132,3439,3108,2186,2046,2449,2840,546,1398,58,44,75,51,24,10,39,19,2225,2190,2475,2490,710,1098,795,1275,65,60,60,38,31,39,39,32,0.168138587,0.600292826,0.045057162,0.18815331,0.516183986,0.513761468,0.332116788,0.322709163,14345,CELL014345,0.168138587,Tanzania,FALSE,FALSE,FALSE,Unprotected,136,-0.21795509625000004,0.34407915125,FALSE,FALSE,FALSE,FALSE
Western Indian,Western Indian Ocean,14346,V14346,39.64,-8.9,Fished,5,0,0,0,242,102,19,12,3460,2904,2187,2046,1145,632,280,642,62,46,76,58,18,14,22,22,2400,2154,2385,2325,95,422,255,105,65,60,60,36,16,16,16,6,0.502714441,0.773003648,0.642533937,0.522321429,0.923847695,0.806818182,0.672360248,0.913580247,14346,CELL014346,0.502714441,Tanzania,FALSE,FALSE,FALSE,Unprotected,136,-0.21795509625000004,0.34407915125,FALSE,TRUE,FALSE,TRUE
Western Indian,Western Indian Ocean,14347,V14347,39.48,-8.82,Fished,0,0,0,0,3,0,0,0,3007,2506,1994,1908,351,188,608,1029,54,42,54,43,111,32,146,79,2025,1800,1950,2370,585,1502,955,210,58,51,51,34,71,56,56,12,0.790946992,0.532667179,0.860430586,0.299284985,0.551724138,0.342512909,0.090248334,0.837209302,14347,CELL014347,0.790946992,Tanzania,FALSE,FALSE,FALSE,Unprotected,136,-0.21795509625000004,0.34407915125,FALSE,TRUE,FALSE,TRUE
Western Indian,Western Indian Ocean,14348,V14348,39.48,-8.74,Fished,1720,700,1700,1455,1538,1414,762,156,3744,3316,2615,2529,13708,9302,18328,2256,40,24,79,34,84,57,144,75,4260,3558,4645,4170,57280,28060,59800,27195,79,85,85,41,177,207,207,93,-0.570937428,-0.750274555,-0.474401648,0.057053292,-0.861553461,-0.85584607,-0.774938326,-0.734098517,14348,CELL014348,-0.570937428,Tanzania,FALSE,FALSE,FALSE,Unprotected,136,-0.21795509625000004,0.34407915125,TRUE,FALSE,TRUE,FALSE
Western Indian,Western Indian Ocean,14349,V14349,39.4,-8.66,Fished,0,0,0,0,0,0,0,0,3592,3204,2489,2343,2220,1520,550,426,39,29,72,49,117,49,147,43,2985,2396,2840,3165,765,2220,1450,285,65,63,63,38,100,82,82,12,0.236063317,0.638038829,0.356477561,0.692307692,0.592,0.324009324,0.03812825,0.834782609,14349,CELL014349,0.236063317,Tanzania,FALSE,FALSE,FALSE,Unprotected,136,-0.21795509625000004,0.34407915125,FALSE,FALSE,FALSE,FALSE
Western Indian,Western Indian Ocean,14350,V14350,39.56,-8.82,Fished,130,50,75,105,203,336,144,414,3360,3098,2005,2136,2144,3208,834,2355,50,41,50,38,43,24,56,34,2000,1968,2470,3255,910,2082,1755,3105,57,49,49,36,45,69,69,64,0.220930233,0.412469179,-0.017443704,-0.048764195,0.374570447,0.169230769,-0.028148148,0.023584906,14350,CELL014350,0.220930233,Tanzania,FALSE,FALSE,FALSE,Unprotected,136,-0.21795509625000004,0.34407915125,FALSE,FALSE,FALSE,FALSE
Western Indian,Western Indian Ocean,14351,V14351,40.2,-3.14,Fished,0,0,0,0,0,0,0,0,3505,2728,2256,1887,892,320,590,456,33,24,52,30,140,37,174,42,2505,1806,2165,1605,335,1574,985,45,50,47,47,25,50,59,59,3,0.59426882,0.585382994,0.790026247,0.610755442,0.764084507,0.374603175,0.068639053,0.945454545,14351,CELL014351,0.59426882,Kenya,FALSE,FALSE,FALSE,Unprotected,27,-0.1251549685,0.5619012225,FALSE,TRUE,FALSE,TRUE
Western Indian,Western Indian Ocean,14352,V14352,40.6,-2.66,Fished,5,0,0,0,0,2,0,0,3483,2902,2236,1791,1838,832,874,279,28,23,50,29,122,39,160,49,2635,1914,2235,1320,930,3082,2105,45,54,51,51,25,109,112,112,3,0.309152415,0.437942122,0.554365292,0.730434783,0.47826087,0.029953917,-0.23378703,0.934065934,14352,CELL014352,0.309152415,Kenya,FALSE,FALSE,FALSE,Unprotected,27,-0.1251549685,0.5619012225,FALSE,FALSE,FALSE,TRUE
Western Indian,Western Indian Ocean,14353,V14353,39.96,-3.54,Fished,0,0,0,0,0,0,0,0,3465,2818,2203,1839,659,216,565,534,32,26,51,34,140,35,176,38,2315,1790,2175,1680,290,1560,950,150,46,46,46,21,45,59,59,10,0.680407371,0.591763006,0.857613711,0.549936789,0.777351248,0.392,0.068656716,0.836065574,14353,CELL014353,0.680407371,Kenya,FALSE,FALSE,FALSE,Unprotected,27,-0.1251549685,0.5619012225,FALSE,TRUE,FALSE,TRUE
Western Indian,Western Indian Ocean,14354,V14354,40.2,-10.18,Fished,5,26,15,0,81,36,9,12,3315,2974,2148,2031,1030,814,288,795,63,44,74,57,19,17,26,28,2160,2026,2265,2220,155,234,135,120,62,56,56,34,24,9,9,8,0.52589183,0.763546798,0.570221753,0.437367304,0.866090713,0.8875,0.792920354,0.897435897,14354,CELL014354,0.52589183,Tanzania,TRUE,TRUE,FALSE,MPA only,136,-0.21795509625000004,0.34407915125,FALSE,TRUE,FALSE,TRUE
Western Indian,Western Indian Ocean,14355,V14355,40.28,-10.18,Fished,0,0,0,0,40,46,0,0,3543,3100,2323,1950,5238,3184,1778,1053,31,26,50,28,114,57,168,60,2655,1842,2255,1905,3770,5866,5415,315,46,47,47,25,186,185,185,16,-0.193030407,0.132894416,-0.013367282,0.298701299,-0.173540856,-0.411994785,-0.522055008,0.716216216,14355,CELL014355,-0.193030407,Tanzania,TRUE,TRUE,FALSE,MPA only,136,-0.21795509625000004,0.34407915125,FALSE,FALSE,TRUE,FALSE
Western Indian,Western Indian Ocean,14357,V14357,40.44,-10.26,Fished,70,52,80,150,18,38,30,69,3341,2956,2050,2001,2332,3116,1793,4977,57,46,75,64,27,24,39,30,1995,2082,2255,2520,4070,3744,5260,11805,61,59,59,37,74,82,82,78,0.177860039,0.066874837,-0.026350461,-0.426483233,-0.342126958,-0.399866933,-0.285272915,-0.648167539,14357,CELL014357,0.177860039,Tanzania,TRUE,TRUE,FALSE,MPA only,136,-0.21795509625000004,0.34407915125,FALSE,FALSE,FALSE,FALSE
Western Indian,Western Indian Ocean,14358,V14358,40.36,-10.26,MPA,0,0,0,0,55,108,4,12,3605,3218,2582,2472,2262,1568,565,423,57,29,89,45,39,24,92,30,3830,3280,4200,4515,760,1876,1190,705,82,80,80,40,84,70,70,29,0.228907448,0.640927868,0.344755537,0.707772021,0.668845316,0.558441558,0.272304112,0.729885057,14358,CELL014358,0.228907448,Tanzania,TRUE,TRUE,FALSE,MPA only,136,-0.21795509625000004,0.34407915125,FALSE,FALSE,FALSE,FALSE
Western Indian,Western Indian Ocean,14359,V14359,39.8,-4.82,Fished,90,62,105,165,92,200,10,6,3496,3168,2554,2379,6911,6332,3935,4545,29,18,69,28,39,39,100,52,4055,3538,4645,3780,7950,7544,9160,5745,86,84,84,37,160,194,194,71,-0.328144518,-0.212821698,-0.333052632,-0.312824957,-0.324448147,-0.327055415,-0.361487096,-0.206299213,14359,CELL014359,-0.328144518,Tanzania,FALSE,FALSE,FALSE,Unprotected,136,-0.21795509625000004,0.34407915125,TRUE,FALSE,TRUE,FALSE
Western Indian,Western Indian Ocean,14360,V14360,39.4,-4.82,Fished,45,36,40,105,3,4,0,0,3694,3232,2615,2466,679,868,178,192,52,32,93,53,40,26,65,28,3770,3618,4345,4440,480,1922,1305,1275,89,94,94,49,50,70,70,36,0.689458038,0.872538489,0.576585366,0.855530474,0.774117647,0.538053097,0.306137184,0.553805774,14360,CELL014360,0.689458038,Kenya,FALSE,FALSE,FALSE,Unprotected,27,-0.1251549685,0.5619012225,FALSE,TRUE,FALSE,TRUE
Western Indian,Western Indian Ocean,14361,V14361,39.64,-4.82,Fished,0,0,0,0,0,0,2,3,3558,3146,2461,2490,605,680,224,441,64,38,86,50,46,29,87,46,3850,3506,4315,4680,505,1056,690,630,83,89,89,47,59,39,39,33,0.709344223,0.833147114,0.644537376,0.699078813,0.768082664,0.724275724,0.537045156,0.762711864,14361,CELL014361,0.709344223,Tanzania,TRUE,TRUE,FALSE,MPA only,136,-0.21795509625000004,0.34407915125,FALSE,TRUE,FALSE,TRUE
Western Indian,Western Indian Ocean,14362,V14362,39.32,-4.74,Fished,30,0,0,15,158,310,23,24,3504,3034,2554,2421,3258,4934,1839,2217,32,23,63,29,40,37,103,48,4025,3428,4520,3945,1805,3692,2980,2685,85,81,81,37,120,125,125,41,0.036379769,0.162758935,-0.238453815,0.043984476,0.380789022,0.205333333,-0.037078652,0.190045249,14362,CELL014362,0.036379769,Kenya,TRUE,TRUE,TRUE,MPA-OECM overlap,27,-0.1251549685,0.5619012225,FALSE,FALSE,FALSE,FALSE
Western Indian,Western Indian Ocean,14363,V14363,39.4,-4.74,Fished,5,26,15,15,92,120,1,0,3600,2964,2541,2400,1047,1140,334,330,48,28,81,31,49,26,81,18,3755,3534,4635,3960,445,1588,1070,690,79,84,84,40,49,58,58,28,0.549386701,0.767652174,0.444444444,0.758241758,0.788095238,0.624890447,0.379929715,0.703225806,14363,CELL014363,0.549386701,Kenya,TRUE,TRUE,FALSE,MPA only,27,-0.1251549685,0.5619012225,FALSE,FALSE,FALSE,TRUE
Western Indian,Western Indian Ocean,14364,V14364,39.32,-4.82,Fished,0,46,65,270,124,200,7,0,3542,3086,2565,2328,1536,1928,330,474,52,30,81,35,36,32,76,40,3755,3410,4425,3915,775,2492,2530,5355,73,82,82,39,72,74,74,53,0.395037416,0.772020725,0.230953331,0.661670236,0.657836645,0.272465852,0.155540495,-0.155339806,14364,CELL014364,0.395037416,Tanzania,TRUE,FALSE,TRUE,OECM only,136,-0.21795509625000004,0.34407915125,FALSE,TRUE,FALSE,TRUE
Western Indian,Western Indian Ocean,14365,V14365,39.72,-4.9,Fished,30,32,30,0,16,30,55,0,3565,3088,2542,2490,3841,2872,2126,783,46,25,83,36,64,51,127,69,3995,3370,4525,4080,1980,3912,3280,675,87,78,78,28,120,130,130,37,-0.037267081,0.089117395,0.036241611,0.521539872,0.337238494,0.159513133,-0.074430102,0.716088328,14365,CELL014365,-0.037267081,Tanzania,TRUE,TRUE,FALSE,MPA only,136,-0.21795509625000004,0.34407915125,FALSE,FALSE,FALSE,FALSE
Western Indian,Western Indian Ocean,14366,V14366,39.64,-4.9,Fished,0,0,0,0,0,0,0,0,3369,2910,2068,1962,397,126,509,204,60,41,77,63,111,19,147,33,2055,2004,2210,2895,605,1758,1095,90,65,56,56,41,71,66,66,5,0.789166224,0.604967016,0.916996047,0.811634349,0.545112782,0.337367625,0.06539075,0.939698492,14366,CELL014366,0.789166224,Tanzania,TRUE,TRUE,FALSE,MPA only,136,-0.21795509625000004,0.34407915125,FALSE,TRUE,FALSE,TRUE
Western Indian,Western Indian Ocean,14367,V14367,39.32,-4.9,Fished,30,40,50,0,95,132,69,0,3669,3198,2627,2571,7241,4326,4225,750,46,22,77,30,80,69,129,74,4100,3470,4475,3930,8780,6114,6835,1215,83,84,84,29,160,169,169,38,-0.327406049,-0.233216579,-0.149920255,0.548328817,-0.363354037,-0.208664898,-0.275876461,0.527696793,14367,CELL014367,-0.327406049,Tanzania,TRUE,FALSE,TRUE,OECM only,136,-0.21795509625000004,0.34407915125,TRUE,FALSE,TRUE,FALSE
Western Indian,Western Indian Ocean,14368,V14368,39.88,-4.9,Fished,165,78,145,30,336,598,85,105,3450,3098,2542,2445,2826,2620,1722,1182,28,16,62,27,33,25,81,42,4095,3618,4945,3780,5930,5544,6660,1410,80,82,82,36,138,144,144,36,0.099426386,0.192307692,0.083595663,0.348221671,-0.183042394,-0.147781129,-0.21021611,0.456647399,14368,CELL014368,0.099426386,Tanzania,FALSE,FALSE,FALSE,Unprotected,136,-0.21795509625000004,0.34407915125,FALSE,FALSE,FALSE,FALSE
Western Indian,Western Indian Ocean,14369,V14369,39.72,-4.74,Fished,0,0,0,0,259,456,24,63,3609,3278,2600,2448,1074,1106,340,660,57,33,85,39,81,32,100,53,3800,3166,4215,5205,590,1430,875,960,83,74,74,30,78,54,54,39,0.541319667,0.768707483,0.495437956,0.575289575,0.731207289,0.656188605,0.377719756,0.688564477,14369,CELL014369,0.541319667,Tanzania,FALSE,FALSE,FALSE,Unprotected,136,-0.21795509625000004,0.34407915125,FALSE,TRUE,FALSE,TRUE
Western Indian,Western Indian Ocean,14370,V14370,39.72,-4.82,Fished,35,0,0,0,250,482,45,9,3571,3050,2558,2496,6358,5804,2738,711,41,23,74,31,41,33,91,41,4370,3506,4815,4245,5500,5594,6185,3090,83,79,79,32,153,156,156,46,-0.28069292,-0.033987915,-0.311045855,0.556594949,-0.114488349,-0.124545455,-0.229450549,0.157464213,14370,CELL014370,-0.28069292,Tanzania,TRUE,TRUE,FALSE,MPA only,136,-0.21795509625000004,0.34407915125,TRUE,FALSE,TRUE,FALSE
Western Indian,Western Indian Ocean,14371,V14371,39.72,-4.1,Fished,15,32,30,0,62,124,60,132,3615,3208,2600,2451,2968,2290,2026,2367,42,22,74,27,41,34,95,44,4515,3566,4765,3840,1680,4072,3580,1065,82,83,83,28,115,132,132,34,0.098283457,0.12408128,0.166969807,0.01743462,0.457627119,0.142001198,-0.066247709,0.565749235,14371,CELL014371,0.098283457,Kenya,TRUE,TRUE,FALSE,MPA only,27,-0.1251549685,0.5619012225,FALSE,FALSE,FALSE,FALSE
Western Indian,Western Indian Ocean,14372,V14372,39.64,-4.26,Fished,0,0,0,0,31,50,0,0,3438,3072,2535,2274,830,220,450,99,51,28,99,40,131,18,162,17,3990,3760,4700,3465,250,1012,630,30,94,94,94,61,35,38,38,2,0.611059044,0.698492462,0.866342649,0.916561315,0.882075472,0.763602251,0.575859179,0.982832618,14372,CELL014372,0.611059044,Kenya,FALSE,FALSE,FALSE,Unprotected,27,-0.1251549685,0.5619012225,FALSE,TRUE,FALSE,TRUE
Western Indian,Western Indian Ocean,14373,V14373,39.88,-3.78,Fished,75,28,20,15,159,268,3,6,3514,2964,2581,2355,3557,3254,2884,2073,33,21,65,32,56,34,132,48,4140,3624,4810,3960,5515,3912,2930,840,84,85,85,39,172,137,137,33,-0.006081177,-0.055443733,-0.046638791,0.063685637,-0.142413257,0.242894057,-0.038216561,0.65,14373,CELL014373,-0.006081177,Kenya,FALSE,FALSE,FALSE,Unprotected,27,-0.1251549685,0.5619012225,FALSE,FALSE,FALSE,FALSE
Western Indian,Western Indian Ocean,14374,V14374,39.56,-4.5,Fished,0,0,0,0,1,2,2,0,3654,3206,2620,2388,1932,1208,2360,738,41,26,79,33,122,26,192,49,3825,3508,4570,4185,880,3374,2385,15,88,84,84,45,106,121,121,1,0.308270677,0.052208835,0.452650657,0.527831094,0.625929862,0.314162473,0.019471084,0.992857143,14374,CELL014374,0.308270677,Kenya,FALSE,FALSE,FALSE,Unprotected,27,-0.1251549685,0.5619012225,FALSE,FALSE,FALSE,TRUE
Western Indian,Western Indian Ocean,14375,V14375,39.48,-4.58,Fished,260,56,90,135,240,482,45,57,3376,2740,2522,2448,4157,5480,3434,6192,24,12,65,34,33,30,106,57,4495,4078,5245,3975,5275,6194,6985,5580,95,99,99,51,138,170,170,64,-0.103677154,-0.153122901,-0.333333333,-0.433333333,-0.079836233,-0.142273099,-0.205996885,-0.167974882,14375,CELL014375,-0.103677154,Kenya,FALSE,FALSE,FALSE,Unprotected,27,-0.1251549685,0.5619012225,FALSE,FALSE,FALSE,FALSE
Western Indian,Western Indian Ocean,14376,V14376,39.56,-5.22,Fished,95,58,95,90,303,504,40,120,3475,2984,2519,2508,6138,8968,4541,6528,30,13,69,31,100,40,182,53,4445,4132,5330,4110,4135,5772,5480,3765,89,100,100,52,164,179,179,66,-0.277020701,-0.286402266,-0.500669344,-0.444887118,0.036130536,-0.013876041,-0.165589661,0.043809524,14376,CELL014376,-0.277020701,Tanzania,TRUE,TRUE,FALSE,MPA only,136,-0.21795509625000004,0.34407915125,TRUE,FALSE,TRUE,FALSE
Western Indian,Western Indian Ocean,14377,V14377,39.16,-5.22,Fished,0,0,0,0,39,72,0,0,3439,3128,2589,2370,891,238,596,150,50,36,93,40,154,32,171,28,4165,4074,4885,3525,465,1702,1155,90,93,106,106,55,61,62,62,4,0.588452656,0.625745683,0.858585859,0.880952381,0.799136069,0.617549669,0.41066482,0.950207469,14377,CELL014377,0.588452656,Tanzania,TRUE,TRUE,FALSE,MPA only,136,-0.21795509625000004,0.34407915125,FALSE,TRUE,FALSE,TRUE
Western Indian,Western Indian Ocean,14378,V14378,39.64,-5.3,Fished,5,0,0,0,20,38,0,0,3542,3124,2551,2436,952,1000,446,375,47,29,83,36,63,22,85,12,3590,3276,4390,4485,260,1966,1315,210,84,76,76,41,40,72,72,12,0.576323988,0.702369036,0.515033948,0.733191035,0.864935065,0.539000876,0.249904617,0.910543131,14378,CELL014378,0.576323988,Tanzania,TRUE,TRUE,FALSE,MPA only,136,-0.21795509625000004,0.34407915125,FALSE,TRUE,FALSE,TRUE
Western Indian,Western Indian Ocean,14379,V14379,39.56,-5.3,Fished,75,32,30,15,179,328,16,51,3437,2772,2530,2262,3684,3496,2252,2577,27,18,64,26,32,37,91,48,4255,3718,4945,3810,4895,4542,3905,2760,81,87,87,37,145,149,149,52,-0.03468614,0.058134672,-0.115507339,-0.065096094,-0.069945355,0.117514124,-0.099757869,0.159817352,14379,CELL014379,-0.03468614,Tanzania,TRUE,TRUE,FALSE,MPA only,136,-0.21795509625000004,0.34407915125,FALSE,FALSE,FALSE,FALSE
Western Indian,Western Indian Ocean,14380,V14380,39.64,-5.22,Fished,120,114,235,405,138,294,13,6,3674,3274,2562,2580,1105,1706,311,360,49,29,98,52,94,20,96,34,3755,3670,4525,4800,1670,3176,3140,4530,89,93,93,49,87,96,96,58,0.537560159,0.783501566,0.314859438,0.755102041,0.384331797,0.180691455,0.072158925,0.028938907,14380,CELL014380,0.537560159,Tanzania,TRUE,TRUE,FALSE,MPA only,136,-0.21795509625000004,0.34407915125,FALSE,TRUE,FALSE,TRUE
Western Indian,Western Indian Ocean,14381,V14381,39.88,-5.3,Fished,35,42,55,135,32,50,1,0,3669,3306,2640,2541,752,1092,318,168,47,22,88,54,30,18,56,29,3705,3556,4390,4650,840,1656,1190,1260,79,90,90,42,57,59,59,32,0.659805474,0.784989858,0.503410641,0.875968992,0.630363036,0.573476703,0.364543361,0.573604061,14381,CELL014381,0.659805474,Tanzania,FALSE,FALSE,FALSE,Unprotected,136,-0.21795509625000004,0.34407915125,FALSE,TRUE,FALSE,TRUE
Western Indian,Western Indian Ocean,14382,V14382,39.08,-5.38,Fished,0,0,0,0,32,68,0,0,3542,3092,2609,2550,2392,1036,1539,477,46,29,84,35,131,18,175,35,3780,3610,4625,3870,520,1802,1155,210,88,88,88,40,56,67,67,12,0.19379845,0.257955641,0.498062016,0.684836472,0.758139535,0.600346021,0.334072432,0.897058824,14382,CELL014382,0.19379845,Tanzania,TRUE,TRUE,FALSE,MPA only,136,-0.21795509625000004,0.34407915125,FALSE,FALSE,FALSE,FALSE
Western Indian,Western Indian Ocean,14383,V14383,39.16,-5.3,Fished,0,0,0,0,5,2,3,0,3653,3122,2535,2511,1090,862,787,234,46,27,82,39,102,28,135,12,3770,3722,4755,4080,205,1898,1195,135,84,91,91,44,39,71,71,9,0.54037529,0.526189043,0.567269076,0.829508197,0.896855346,0.598319328,0.32455516,0.93594306,14383,CELL014383,0.54037529,Tanzania,TRUE,TRUE,FALSE,MPA only,136,-0.21795509625000004,0.34407915125,FALSE,TRUE,FALSE,TRUE
Western Indian,Western Indian Ocean,14384,V14384,39.64,-4.98,Fished,20,0,0,0,17,44,22,69,3642,3220,2591,2412,2280,3402,1369,1917,42,26,68,31,56,37,115,59,4030,3568,4670,4170,1375,2060,1300,360,85,85,85,46,108,77,77,18,0.229989868,0.308585859,-0.027484144,0.114345114,0.491211841,0.564489112,0.267945984,0.841059603,14384,CELL014384,0.229989868,Tanzania,TRUE,TRUE,FALSE,MPA only,136,-0.21795509625000004,0.34407915125,FALSE,FALSE,FALSE,FALSE
Western Indian,Western Indian Ocean,14385,V14385,39.24,-5.06,Fished,95,74,135,345,361,576,28,3,3499,3138,2516,2319,4784,5100,4677,3420,34,15,81,39,96,39,187,79,4430,4408,5620,3555,5405,8608,9770,6270,97,108,108,57,187,235,235,75,-0.155137028,-0.300430975,-0.238164603,-0.191845269,-0.09913574,-0.269655621,-0.322679779,-0.276335878,14385,CELL014385,-0.155137028,Tanzania,TRUE,TRUE,FALSE,MPA only,136,-0.21795509625000004,0.34407915125,FALSE,FALSE,FALSE,FALSE
Western Indian,Western Indian Ocean,14386,V14386,39.24,-4.98,Fished,135,76,140,30,802,550,124,132,3549,3204,2477,2172,6067,6784,6410,8076,37,15,81,44,102,47,183,87,4605,4072,5230,3120,9845,10642,13805,8775,103,99,99,46,199,256,256,91,-0.261855241,-0.442556543,-0.358430116,-0.576112412,-0.362629758,-0.450485947,-0.446513525,-0.475409836,14386,CELL014386,-0.261855241,Tanzania,TRUE,FALSE,TRUE,OECM only,136,-0.21795509625000004,0.34407915125,TRUE,FALSE,TRUE,FALSE
Western Indian,Western Indian Ocean,14387,V14387,39.32,-4.98,Fished,15,0,0,0,22,34,0,0,3454,3034,2534,2427,3308,1772,2648,930,35,16,78,38,158,47,218,53,4325,4068,5120,3270,1865,4860,3900,465,94,101,101,51,162,165,165,23,0.021591245,-0.021999228,0.262588431,0.44593387,0.397415186,0.135254989,-0.088709677,0.751004016,14387,CELL014387,0.021591245,Tanzania,TRUE,FALSE,TRUE,OECM only,136,-0.21795509625000004,0.34407915125,FALSE,FALSE,FALSE,FALSE
Western Indian,Western Indian Ocean,14389,V14389,39.16,-5.14,Fished,105,52,80,30,145,304,77,165,3139,2550,2091,1407,1877,2392,1673,1956,21,20,51,29,44,20,114,53,4250,4004,5210,2280,2195,3858,2995,1905,85,96,96,33,124,133,133,53,0.251594896,0.111052072,0.031970862,-0.163247101,0.318851823,0.269957343,0.018570338,0.089605735,14389,CELL014389,0.251594896,Tanzania,TRUE,TRUE,FALSE,MPA only,136,-0.21795509625000004,0.34407915125,FALSE,FALSE,FALSE,FALSE
Western Indian,Western Indian Ocean,14390,V14390,39.88,-5.22,Fished,75,40,50,150,134,246,57,93,3098,2300,2127,1455,6437,4878,1755,2811,26,20,66,37,53,29,122,72,4360,4128,5520,3345,2700,4498,3495,3885,76,96,96,40,178,155,155,60,-0.350183534,0.095826893,-0.359152967,-0.317862166,0.235127479,0.224625624,-0.042893578,-0.074688797,14390,CELL014390,-0.350183534,Tanzania,FALSE,FALSE,FALSE,Unprotected,136,-0.21795509625000004,0.34407915125,TRUE,FALSE,TRUE,FALSE
Western Indian,Western Indian Ocean,14392,V14392,39.16,-5.86,Fished,295,116,240,120,308,554,142,78,3363,3292,2243,1947,5714,6108,6117,4140,38,27,84,48,50,19,127,85,4515,4384,5660,3375,11570,9226,13615,5100,103,106,106,44,172,189,189,71,-0.25900628,-0.463397129,-0.299574468,-0.360275998,-0.438607398,-0.412710765,-0.355767818,-0.203539823,14392,CELL014392,-0.25900628,Tanzania,TRUE,TRUE,FALSE,MPA only,136,-0.21795509625000004,0.34407915125,TRUE,FALSE,TRUE,FALSE
Western Indian,Western Indian Ocean,14393,V14393,38.92,-5.86,Fished,30,42,55,30,131,234,108,264,3148,2450,2137,1410,3456,2960,2440,3858,25,22,60,34,49,30,119,64,4180,4056,5390,2385,1825,3830,2875,1710,84,95,95,38,142,134,134,49,-0.046638401,-0.066200568,-0.094269871,-0.464692483,0.392173189,0.304295221,0.028658382,0.164835165,14393,CELL014393,-0.046638401,Tanzania,FALSE,FALSE,FALSE,Unprotected,136,-0.21795509625000004,0.34407915125,FALSE,FALSE,FALSE,FALSE
Western Indian,Western Indian Ocean,14394,V14394,39.4,-5.86,Fished,100,148,320,60,468,620,100,21,3537,3204,2343,2229,9628,6736,5346,3075,46,29,104,72,88,67,169,130,4640,4202,5555,3690,9460,12302,20855,5310,101,99,99,61,155,198,198,99,-0.46266616,-0.39055794,-0.355331992,-0.159502262,-0.341843972,-0.579326013,-0.490790111,-0.18,14394,CELL014394,-0.46266616,Tanzania,TRUE,TRUE,FALSE,MPA only,136,-0.21795509625000004,0.34407915125,TRUE,FALSE,TRUE,FALSE
Western Indian,Western Indian Ocean,14395,V14395,39.32,-5.7,Fished,0,26,15,0,46,10,9,0,3070,2778,1558,1176,2719,1408,596,432,57,29,119,32,39,24,61,20,2255,2484,2560,960,445,1588,1120,180,68,73,73,22,52,57,57,9,0.060632234,0.446610956,0.327281414,0.462686567,0.67037037,0.391304348,0.220039293,0.684210526,14395,CELL014395,0.060632234,Tanzania,TRUE,TRUE,FALSE,MPA only,136,-0.21795509625000004,0.34407915125,FALSE,FALSE,FALSE,FALSE
Western Indian,Western Indian Ocean,14396,V14396,38.92,-6.1,Fished,0,0,0,0,4,0,7,0,2640,2446,1537,1305,1361,1434,433,177,57,27,114,34,37,22,64,13,1880,2230,2325,600,360,1186,815,195,85,65,65,15,40,43,43,8,0.319670082,0.560406091,0.260824742,0.761133603,0.678571429,0.48089172,0.305620609,0.509433962,14396,CELL014396,0.319670082,Tanzania,FALSE,FALSE,FALSE,Unprotected,136,-0.21795509625000004,0.34407915125,FALSE,FALSE,FALSE,TRUE
Western Indian,Western Indian Ocean,14397,V14397,39.08,-6.1,Fished,0,0,0,15,0,4,3,15,3288,2676,2398,2124,729,408,493,372,99,69,126,86,132,39,179,55,4710,4740,5900,4155,835,1780,1100,390,114,119,119,59,101,67,67,22,0.637042569,0.658941543,0.73540856,0.701923077,0.698827773,0.685714286,0.45398773,0.828382838,14397,CELL014397,0.637042569,Tanzania,TRUE,TRUE,FALSE,MPA only,136,-0.21795509625000004,0.34407915125,FALSE,TRUE,FALSE,TRUE
Western Indian,Western Indian Ocean,14398,V14398,39.08,-6.02,Fished,0,28,20,15,64,116,0,0,3204,2702,2271,1797,1889,1266,1263,705,75,55,112,70,200,71,248,67,4350,4178,5145,3345,970,3220,2200,2715,111,106,106,52,106,117,117,77,0.258197526,0.285229202,0.361895161,0.436450839,0.635338346,0.400953029,0.129494458,0.103960396,14398,CELL014398,0.258197526,Tanzania,FALSE,FALSE,FALSE,Unprotected,136,-0.21795509625000004,0.34407915125,FALSE,FALSE,FALSE,FALSE
Western Indian,Western Indian Ocean,14399,V14399,39.08,-5.54,Fished,0,0,0,0,292,386,15,42,3464,3094,2122,2478,3051,1962,2624,3249,59,35,63,49,154,32,208,57,3350,3406,3915,3495,2510,3848,2720,1590,70,92,92,57,130,138,138,48,0.063392172,-0.105773283,0.223892405,-0.134625458,0.14334471,0.180105501,-0.0609319,0.374631268,14399,CELL014399,0.063392172,Tanzania,TRUE,TRUE,FALSE,MPA only,136,-0.21795509625000004,0.34407915125,FALSE,FALSE,FALSE,FALSE
Western Indian,Western Indian Ocean,14400,V14400,39.56,-5.46,Fished,175,46,65,270,620,1134,211,636,3452,2942,2223,2388,9034,7084,3297,4056,43,20,109,57,112,51,157,53,3400,3932,4030,3270,2040,2944,2710,2250,82,116,116,61,109,93,93,46,-0.447060708,-0.194565217,-0.413125873,-0.258845438,0.25,0.195845697,0.143688191,0.184782609,14400,CELL014400,-0.447060708,Tanzania,TRUE,TRUE,FALSE,MPA only,136,-0.21795509625000004,0.34407915125,TRUE,FALSE,TRUE,FALSE
Western Indian,Western Indian Ocean,14401,V14401,39.08,-5.46,Fished,0,36,40,150,20,24,3,9,3082,3012,1881,2178,2412,2222,1230,1797,64,43,100,92,125,43,177,48,3220,3402,4005,3690,1205,2960,2250,4515,84,90,90,55,122,103,103,55,0.12195122,0.209257473,0.150936186,0.095849057,0.455367232,0.28057554,0.069475008,-0.100548446,14401,CELL014401,0.12195122,Tanzania,FALSE,FALSE,FALSE,Unprotected,136,-0.21795509625000004,0.34407915125,FALSE,FALSE,FALSE,FALSE
Western Indian,Western Indian Ocean,14402,V14402,38.92,-5.78,Fished,0,0,0,30,3,8,4,18,3306,2790,2292,2061,1625,714,1141,690,105,61,138,97,199,59,239,55,4585,4550,5575,3840,975,3246,2165,1050,114,116,116,61,120,119,119,45,0.340904482,0.335275269,0.592465753,0.498364231,0.649280576,0.440568475,0.167265264,0.570552147,14402,CELL014402,0.340904482,Tanzania,FALSE,FALSE,FALSE,Unprotected,136,-0.21795509625000004,0.34407915125,FALSE,FALSE,FALSE,TRUE
Western Indian,Western Indian Ocean,14403,V14403,39.4,-5.78,Fished,15,26,15,15,253,230,26,81,1426,1026,811,498,2285,2284,951,1701,74,30,117,40,87,53,110,58,920,2012,1530,405,755,1704,1110,600,68,70,70,13,67,63,63,29,-0.231473996,-0.079455165,-0.380060423,-0.547066849,0.098507463,0.159090909,0.082884822,-0.194029851,14403,CELL014403,-0.231473996,Tanzania,TRUE,TRUE,FALSE,MPA only,136,-0.21795509625000004,0.34407915125,TRUE,FALSE,TRUE,FALSE
Western Indian,Western Indian Ocean,14404,V14404,39,-5.62,Fished,15,32,30,0,54,44,21,24,1877,1252,1081,768,2530,1376,970,960,46,33,51,33,111,50,141,84,1245,1200,1250,870,1340,2222,1855,720,39,35,35,11,99,74,74,25,-0.148173361,0.054119941,-0.04718417,-0.111111111,-0.036750484,-0.194847021,-0.298655757,0.094339623,14404,CELL014404,-0.148173361,Tanzania,FALSE,FALSE,FALSE,Unprotected,136,-0.21795509625000004,0.34407915125,FALSE,FALSE,FALSE,FALSE
Western Indian,Western Indian Ocean,14405,V14405,39,-5.7,Fished,5,0,0,0,8,10,2,0,2320,2100,1359,1041,1919,2014,329,165,60,35,124,31,41,32,57,16,1685,2240,2400,525,325,966,615,855,67,64,64,17,36,36,36,27,0.094597782,0.610189573,0.020904229,0.726368159,0.676616915,0.592039801,0.397379913,-0.239130435,14405,CELL014405,0.094597782,Tanzania,FALSE,FALSE,FALSE,Unprotected,136,-0.21795509625000004,0.34407915125,FALSE,FALSE,FALSE,FALSE
Western Indian,Western Indian Ocean,14406,V14406,39.4,-6.5,Fished,0,0,0,0,0,0,0,0,2036,1122,1083,660,619,212,438,186,110,39,140,48,125,31,160,26,1305,2200,2000,345,445,1804,1110,735,73,70,70,15,66,68,68,23,0.533709981,0.424063116,0.682158921,0.560283688,0.491428571,0.286173633,0.098901099,-0.361111111,14406,CELL014406,0.533709981,Tanzania,TRUE,TRUE,FALSE,MPA only,136,-0.21795509625000004,0.34407915125,FALSE,TRUE,FALSE,TRUE
Western Indian,Western Indian Ocean,14407,V14407,39,-6.34,Fished,405,106,215,105,513,94,329,42,1945,950,1079,546,4023,2758,3301,3141,77,37,89,41,98,54,122,56,1305,1874,1535,570,4120,3590,3825,3135,68,63,63,22,111,103,103,55,-0.348190349,-0.507305936,-0.487594391,-0.703824247,-0.518894009,-0.427238806,-0.314055637,-0.692307692,14407,CELL014407,-0.348190349,Tanzania,FALSE,FALSE,FALSE,Unprotected,136,-0.21795509625000004,0.34407915125,TRUE,FALSE,TRUE,FALSE
Western Indian,Western Indian Ocean,14408,V14408,39.08,-6.34,Fished,20,32,30,0,20,20,22,0,2480,1512,1164,711,3827,4254,1480,2091,60,35,91,35,76,38,97,44,1450,2286,2165,390,940,3100,2700,165,70,71,71,13,67,101,101,8,-0.213572221,-0.119515885,-0.475546306,-0.492505353,0.213389121,-0.109969168,-0.151132566,0.405405405,14408,CELL014408,-0.213572221,Tanzania,FALSE,FALSE,FALSE,Unprotected,136,-0.21795509625000004,0.34407915125,FALSE,FALSE,TRUE,FALSE
Western Indian,Western Indian Ocean,14409,V14409,39.24,-6.66,Fished,405,106,215,390,516,102,135,66,3366,3170,2345,2160,11846,4426,9078,5883,48,29,103,69,112,68,198,132,4300,4496,5840,3825,16760,10972,15030,23700,108,108,108,55,216,248,248,124,-0.557454641,-0.589424845,-0.165350184,-0.462886982,-0.591642925,-0.440344993,-0.418670804,-0.722070845,14409,CELL014409,-0.557454641,Tanzania,TRUE,TRUE,FALSE,MPA only,136,-0.21795509625000004,0.34407915125,TRUE,FALSE,TRUE,FALSE
Western Indian,Western Indian Ocean,14410,V14410,39.24,-6.58,MPA,5,30,25,15,86,182,10,30,3487,2966,2485,2331,1724,2056,1207,2082,26,19,60,27,33,31,93,43,3985,3754,5035,3885,1495,3660,2950,1740,80,87,87,35,110,124,124,44,0.338322779,0.346153846,0.181202708,0.056424201,0.454379562,0.26111459,0.012678716,0.381333333,14410,CELL014410,0.338322779,Tanzania,TRUE,TRUE,FALSE,MPA only,136,-0.21795509625000004,0.34407915125,FALSE,FALSE,FALSE,TRUE
Western Indian,Western Indian Ocean,14411,V14411,39.48,-6.5,Fished,0,0,0,0,203,234,0,3,3336,2930,2267,1734,3506,3802,620,939,35,28,79,50,50,29,97,50,4270,4372,5680,3375,950,1780,1150,690,92,105,105,42,95,66,66,29,-0.024846536,0.570488396,-0.1295306,0.297418631,0.636015326,0.663250366,0.421326398,0.660516605,14411,CELL014411,-0.024846536,Tanzania,TRUE,TRUE,FALSE,MPA only,136,-0.21795509625000004,0.34407915125,FALSE,FALSE,FALSE,FALSE
Western Indian,Western Indian Ocean,14412,V14412,39.08,-6.18,Fished,20,28,20,0,59,92,37,9,3338,3080,2315,1836,3150,2940,1682,2184,40,30,83,54,47,22,109,74,4595,4514,5785,3645,1895,3240,2450,1035,93,110,110,45,105,113,113,28,0.028976572,0.158368777,0.023255814,-0.086567164,0.416024653,0.404978749,0.164302296,0.557692308,14412,CELL014412,0.028976572,Tanzania,TRUE,TRUE,FALSE,MPA only,136,-0.21795509625000004,0.34407915125,FALSE,FALSE,FALSE,FALSE
Western Indian,Western Indian Ocean,14413,V14413,38.92,-6.26,Fished,30,0,0,0,103,182,11,15,3454,3112,2261,1992,2102,2930,464,867,50,32,97,71,48,34,85,53,4705,4310,5575,4080,685,2040,1350,360,110,104,104,53,69,75,75,18,0.243340533,0.659449541,0.030122476,0.393494229,0.745825603,0.610108303,0.357480315,0.837837838,14413,CELL014413,0.243340533,Tanzania,FALSE,FALSE,FALSE,Unprotected,136,-0.21795509625000004,0.34407915125,FALSE,FALSE,FALSE,FALSE
Western Indian,Western Indian Ocean,14414,V14414,39.48,-6.1,Fished,0,0,0,0,32,44,0,0,3365,3246,2243,1854,2514,2544,403,834,42,31,78,54,43,27,65,43,4350,4302,5505,3450,925,1086,665,150,96,105,105,48,63,41,41,9,0.144752509,0.695389267,0.121243523,0.379464286,0.6492891,0.784440843,0.59688196,0.916666667,14414,CELL014414,0.144752509,Tanzania,TRUE,TRUE,FALSE,MPA only,136,-0.21795509625000004,0.34407915125,FALSE,FALSE,FALSE,FALSE
Western Indian,Western Indian Ocean,14415,V14415,39.4,-5.94,Fished,0,0,0,0,11,10,3,6,2969,2510,1840,1779,633,922,775,1257,53,37,58,46,111,53,170,76,1985,1832,2280,2445,785,2328,2420,3795,46,46,46,29,70,68,68,43,0.648528595,0.407265774,0.462703963,0.171936759,0.433212996,-0.029787234,-0.119230769,-0.216346154,14415,CELL014415,0.648528595,Tanzania,TRUE,TRUE,FALSE,MPA only,136,-0.21795509625000004,0.34407915125,FALSE,TRUE,FALSE,TRUE
Western Indian,Western Indian Ocean,14416,V14416,39.16,-6.34,Fished,120,50,75,210,73,162,57,180,3394,2872,2135,2091,4206,4458,5351,7875,27,17,42,22,69,62,126,78,2190,1528,1920,2445,8925,7336,8390,10605,37,38,38,18,186,199,199,89,-0.106842105,-0.429601924,-0.216371078,-0.580373269,-0.605937922,-0.627546072,-0.655234657,-0.625287356,14416,CELL014416,-0.106842105,Tanzania,TRUE,TRUE,FALSE,MPA only,136,-0.21795509625000004,0.34407915125,FALSE,FALSE,FALSE,FALSE
Western Indian,Western Indian Ocean,14417,V14417,39.08,-6.26,Fished,95,34,35,105,67,70,63,138,3221,2658,2053,1986,11604,8260,5623,6879,29,23,45,28,149,75,220,81,1770,1378,1645,1725,9095,8854,9035,7140,36,36,36,17,266,262,262,92,-0.565463744,-0.465085982,-0.513097637,-0.551945854,-0.674183157,-0.691947566,-0.730648944,-0.610829103,14417,CELL014417,-0.565463744,Tanzania,FALSE,FALSE,FALSE,Unprotected,136,-0.21795509625000004,0.34407915125,TRUE,FALSE,TRUE,FALSE
Western Indian,Western Indian Ocean,14418,V14418,39,-6.26,Fished,205,28,20,75,22,2,99,252,3254,2630,1854,2145,5291,4064,3624,7848,32,29,43,28,179,76,250,84,1685,1550,1825,2130,8100,5104,3560,3750,40,41,41,26,224,184,184,84,-0.23838502,-0.323110624,-0.214221691,-0.57069949,-0.655595299,-0.322191272,-0.534114818,-0.275510204,14418,CELL014418,-0.23838502,Tanzania,FALSE,FALSE,FALSE,Unprotected,136,-0.21795509625000004,0.34407915125,TRUE,FALSE,TRUE,FALSE
Western Indian,Western Indian Ocean,14419,V14419,39.32,-6.74,Fished,15,34,35,180,130,204,12,45,3401,3102,2215,2016,2160,3128,476,462,60,38,76,56,96,18,122,23,2130,2160,2400,2430,710,1306,915,1200,72,60,60,39,75,47,47,20,0.223161302,0.646228168,-0.004173355,0.627118644,0.5,0.447963801,0.246393537,0.338842975,14419,CELL014419,0.223161302,Tanzania,FALSE,FALSE,FALSE,Unprotected,136,-0.21795509625000004,0.34407915125,FALSE,FALSE,FALSE,FALSE
Western Indian,Western Indian Ocean,14420,V14420,39.4,-6.82,Fished,70,0,0,0,8,12,12,3,3573,3160,2597,2661,5311,3202,1398,564,49,29,83,36,64,42,123,69,3950,3530,4575,4380,1795,3214,2185,630,75,85,85,29,130,117,117,28,-0.195632598,0.300125156,-0.006601698,0.650232558,0.37510879,0.353550296,0.046856465,0.748502994,14420,CELL014420,-0.195632598,Tanzania,TRUE,TRUE,FALSE,MPA only,136,-0.21795509625000004,0.34407915125,FALSE,FALSE,TRUE,FALSE
Western Indian,Western Indian Ocean,14421,V14421,39.32,-6.66,Fished,80,38,45,150,232,416,71,240,3299,2926,2049,2109,1861,2810,1036,2562,63,47,79,63,55,19,87,29,2200,2058,2295,2670,975,1278,1095,1545,61,57,57,38,54,42,42,30,0.278682171,0.328363047,0.020223152,-0.096981374,0.385826772,0.353982301,0.23381295,0.266903915,14421,CELL014421,0.278682171,Tanzania,FALSE,FALSE,FALSE,Unprotected,136,-0.21795509625000004,0.34407915125,FALSE,FALSE,FALSE,FALSE
Western Indian,Western Indian Ocean,14422,V14422,39.56,-7.46,Fished,95,48,70,0,152,290,39,6,1644,2274,1074,2226,3012,2704,2618,435,26,24,33,29,66,27,108,5,1555,1422,1755,2760,5395,5312,6030,0,33,36,36,24,130,145,145,0,-0.293814433,-0.418201517,-0.086380072,0.673055242,-0.552517986,-0.549132948,-0.577665578,1,14422,CELL014422,-0.293814433,Tanzania,FALSE,FALSE,FALSE,Unprotected,136,-0.21795509625000004,0.34407915125,TRUE,FALSE,TRUE,FALSE
Western Indian,Western Indian Ocean,14423,V14423,39.4,-7.38,Fished,100,40,50,0,160,274,87,0,1879,1960,1094,2103,3384,2008,5183,1044,28,27,34,25,65,27,113,9,1645,1290,1675,3285,6200,4574,4435,15,33,31,31,22,139,140,140,1,-0.285958579,-0.65142584,-0.012096774,0.336510963,-0.580624602,-0.451718494,-0.560027285,0.990909091,14423,CELL014423,-0.285958579,Tanzania,FALSE,FALSE,FALSE,Unprotected,136,-0.21795509625000004,0.34407915125,TRUE,FALSE,TRUE,FALSE
Western Indian,Western Indian Ocean,14425,V14425,39.48,-7.46,Fished,20,0,0,0,147,282,66,0,1579,2192,1087,2001,997,1146,1070,0,30,21,33,28,52,23,73,0,1595,1382,1605,2745,2070,3050,2525,0,35,37,37,24,114,102,102,0,0.225931677,0.007881317,0.313361294,1,-0.129604366,-0.222760291,-0.376353791,1,14425,CELL014425,0.225931677,Tanzania,FALSE,FALSE,FALSE,Unprotected,136,-0.21795509625000004,0.34407915125,FALSE,FALSE,FALSE,FALSE
Western Indian,Western Indian Ocean,14426,V14426,39.48,-7.3,Fished,150,28,20,0,79,150,9,0,1525,2118,1144,2187,1595,1010,1774,0,31,22,33,27,65,26,105,0,1790,1230,1425,3075,4345,4552,4380,0,36,33,33,25,138,140,140,0,-0.022435897,-0.215901302,0.354219949,1,-0.416462918,-0.509043928,-0.574541681,1,14426,CELL014426,-0.022435897,Tanzania,FALSE,FALSE,FALSE,Unprotected,136,-0.21795509625000004,0.34407915125,FALSE,FALSE,FALSE,FALSE
Western Indian,Western Indian Ocean,14427,V14427,39.4,-7.46,Fished,120,32,30,0,152,256,61,3,1506,2024,1151,2139,2052,1634,2192,9,27,22,32,28,63,25,103,2,1740,1290,1525,2760,4635,4638,4495,0,35,34,34,26,132,142,142,0,-0.153456998,-0.311396949,0.106615637,0.991620112,-0.454117647,-0.493355482,-0.564777328,1,14427,CELL014427,-0.153456998,Tanzania,FALSE,FALSE,FALSE,Unprotected,136,-0.21795509625000004,0.34407915125,FALSE,FALSE,FALSE,FALSE
Western Indian,Western Indian Ocean,14428,V14428,39.56,-7.3,Fished,10,30,25,0,119,220,61,0,1484,2066,943,1956,3256,2782,3363,1044,28,26,33,29,67,27,115,6,1400,1222,1505,2955,5595,5430,5875,0,34,31,31,25,150,154,154,0,-0.373839662,-0.562006503,-0.147689769,0.304,-0.599714081,-0.592140921,-0.632591702,1,14428,CELL014428,-0.373839662,Tanzania,FALSE,FALSE,FALSE,Unprotected,136,-0.21795509625000004,0.34407915125,TRUE,FALSE,TRUE,FALSE
Western Indian,Western Indian Ocean,14429,V14429,40.52,-11.38,Fished,5,28,20,0,167,348,43,0,1676,2116,997,1944,2187,1738,2875,738,29,27,34,24,65,28,114,7,1455,1202,1505,2760,3955,4248,3720,0,32,30,30,23,140,138,138,0,-0.132280611,-0.485020661,0.098079917,0.44966443,-0.462107209,-0.423923445,-0.558899083,1,14429,CELL014429,-0.132280611,Mozambique,FALSE,FALSE,FALSE,Unprotected,110,-0.031222615250000002,0.30777515725,TRUE,FALSE,FALSE,FALSE
Western Indian,Western Indian Ocean,14430,V14430,40.52,-11.62,Fished,0,60,100,0,213,316,147,150,4495,4172,2744,4542,4905,5178,4175,4164,37,35,38,28,112,49,192,27,3265,1836,2890,5700,4150,5910,4775,345,38,34,34,20,178,200,200,8,-0.043617021,-0.206821795,-0.107593583,0.043418332,-0.119352664,-0.245923027,-0.525948877,0.885856079,14430,CELL014430,-0.043617021,Mozambique,FALSE,FALSE,FALSE,Unprotected,110,-0.031222615250000002,0.30777515725,TRUE,FALSE,FALSE,FALSE
Western Indian,Western Indian Ocean,14431,V14431,39.64,-8.18,Fished,0,0,0,0,58,56,46,69,3007,2940,1700,2403,4495,3018,4579,1962,31,32,36,22,111,49,205,70,1490,1220,1500,2085,5315,7426,7065,2460,35,31,31,15,213,230,230,32,-0.198347107,-0.458512502,-0.013091641,0.101030928,-0.562086701,-0.649737303,-0.717788573,-0.082508251,14431,CELL014431,-0.198347107,Tanzania,FALSE,FALSE,FALSE,Unprotected,136,-0.21795509625000004,0.34407915125,FALSE,FALSE,TRUE,FALSE
Western Indian,Western Indian Ocean,14432,V14432,39.88,-7.94,Fished,5,26,15,0,51,88,19,54,2317,2218,1500,2298,2947,1550,3617,1410,35,37,38,28,103,47,178,25,1505,1380,1800,2790,4355,7624,7010,435,34,33,33,20,194,241,241,11,-0.119680851,-0.413718976,0.177282378,0.239482201,-0.486348123,-0.591373439,-0.693469569,0.730232558,14432,CELL014432,-0.119680851,Tanzania,TRUE,TRUE,FALSE,MPA only,136,-0.21795509625000004,0.34407915125,FALSE,FALSE,FALSE,FALSE
Western Indian,Western Indian Ocean,14433,V14433,39.72,-9.46,Fished,10,36,40,0,51,102,79,45,2401,2264,1466,2187,4639,3774,4637,2874,36,36,36,23,109,45,213,48,1675,1440,1850,2370,7535,9382,10655,1035,31,35,35,15,198,256,256,10,-0.317897727,-0.519580534,-0.250082809,-0.135743924,-0.636264929,-0.704118353,-0.733875439,0.392070485,14433,CELL014433,-0.317897727,Tanzania,FALSE,FALSE,FALSE,Unprotected,136,-0.21795509625000004,0.34407915125,TRUE,FALSE,TRUE,FALSE
Western Indian,Western Indian Ocean,14434,V14434,39.96,-10.02,Fished,25,28,20,0,87,174,49,102,2504,2668,1528,2256,6373,5774,6311,2565,36,34,36,21,105,44,193,48,1770,1396,1940,2520,10790,11138,13495,1545,37,31,31,18,211,287,287,12,-0.435845443,-0.610154356,-0.367922293,-0.064094586,-0.718152866,-0.748623259,-0.777245891,0.239852399,14434,CELL014434,-0.435845443,Tanzania,FALSE,FALSE,FALSE,Unprotected,136,-0.21795509625000004,0.34407915125,TRUE,FALSE,TRUE,FALSE
Western Indian,Western Indian Ocean,14435,V14435,39.56,-8.74,Fished,0,0,0,0,35,70,28,48,2304,2230,1448,2400,3090,2684,3048,2688,35,35,37,27,109,48,195,32,1665,1322,1755,2715,3560,5876,4440,465,35,31,31,20,184,205,205,10,-0.145717464,-0.355871886,-0.092389092,-0.056603774,-0.362679426,-0.433414044,-0.632675743,0.70754717,14435,CELL014435,-0.145717464,Tanzania,FALSE,FALSE,FALSE,Unprotected,136,-0.21795509625000004,0.34407915125,FALSE,FALSE,FALSE,FALSE
Western Indian,Western Indian Ocean,14436,V14436,39.64,-8.26,Fished,70,54,85,0,201,292,126,81,2360,2368,1417,2322,3047,2792,4048,2967,38,36,37,29,51,40,120,30,1840,1426,1815,3045,5165,7336,8040,450,38,35,35,19,160,206,206,7,-0.127057518,-0.481427264,-0.082170543,-0.12195122,-0.474660956,-0.631659056,-0.674503538,0.74248927,14436,CELL014436,-0.127057518,Tanzania,FALSE,FALSE,FALSE,Unprotected,136,-0.21795509625000004,0.34407915125,FALSE,FALSE,FALSE,FALSE
Western Indian,Western Indian Ocean,14437,V14437,40.68,-14.02,Fished,20,28,20,0,62,124,82,78,2286,2288,1502,2295,4665,3696,5165,1374,36,37,37,27,92,42,161,30,1870,1304,1660,2775,8330,10762,14005,450,35,32,32,19,201,258,258,9,-0.342252913,-0.549422529,-0.235294118,0.251022077,-0.633333333,-0.78806256,-0.783855462,0.720930233,14437,CELL014437,-0.342252913,Mozambique,FALSE,FALSE,FALSE,Unprotected,110,-0.031222615250000002,0.30777515725,TRUE,FALSE,TRUE,FALSE
Western Indian,Western Indian Ocean,14438,V14438,40.68,-15.46,Fished,50,44,60,0,338,336,88,81,3024,3138,1695,2265,2920,2432,3321,2466,34,32,35,18,82,28,152,62,1470,1338,1645,2055,4520,6694,6835,2685,36,34,34,17,175,198,198,29,0.017496635,-0.324162679,0.126750449,-0.042485732,-0.50918197,-0.612028302,-0.666832669,-0.132911392,14438,CELL014438,0.017496635,Mozambique,FALSE,FALSE,FALSE,Unprotected,110,-0.031222615250000002,0.30777515725,FALSE,FALSE,FALSE,FALSE
Western Indian,Western Indian Ocean,14439,V14439,40.52,-11.7,Fished,0,0,0,0,74,122,24,66,2826,3056,1669,2211,3580,2274,3249,2523,34,34,36,19,132,46,230,67,1430,1288,1570,2040,3690,7878,7695,2655,34,33,33,15,216,240,240,27,-0.117702154,-0.321268808,0.146716698,-0.06590621,-0.44140625,-0.661090124,-0.718961379,-0.130990415,14439,CELL014439,-0.117702154,Mozambique,FALSE,FALSE,FALSE,Unprotected,110,-0.031222615250000002,0.30777515725,TRUE,FALSE,FALSE,FALSE
Western Indian,Western Indian Ocean,14440,V14440,40.68,-11.7,Fished,5,0,0,0,67,132,103,147,2630,2836,1645,2373,4364,3420,4788,2982,35,34,36,20,107,40,182,50,1760,1368,1720,2400,8520,9056,11040,2310,35,34,34,16,212,232,232,12,-0.247926794,-0.488574538,-0.093350384,-0.11372549,-0.657587549,-0.730407524,-0.73752878,0.01910828,14440,CELL014440,-0.247926794,Mozambique,FALSE,FALSE,FALSE,Unprotected,110,-0.031222615250000002,0.30777515725,TRUE,FALSE,TRUE,FALSE
Western Indian,Western Indian Ocean,14441,V14441,40.6,-13.46,Fished,25,32,30,60,146,154,55,9,3027,3196,1732,2298,3190,2074,3105,1272,33,34,35,21,116,40,199,60,1420,1284,1510,2100,4030,6846,6165,2655,34,34,34,17,205,219,219,36,-0.026218433,-0.283853628,0.212903226,0.287394958,-0.478899083,-0.606514658,-0.684132841,-0.116719243,14441,CELL014441,-0.026218433,Mozambique,FALSE,FALSE,FALSE,Unprotected,110,-0.031222615250000002,0.30777515725,FALSE,FALSE,FALSE,FALSE
Western Indian,Western Indian Ocean,14442,V14442,40.6,-12.1,Fished,0,0,0,0,6,0,9,0,2904,2866,1751,2274,5135,3188,6458,2871,33,28,36,17,119,52,193,63,1695,1204,1460,2010,7605,8034,7635,630,33,31,31,14,218,249,249,17,-0.27752208,-0.573395054,-0.053187975,-0.116034985,-0.635483871,-0.678944475,-0.739337519,0.522727273,14442,CELL014442,-0.27752208,Mozambique,TRUE,TRUE,FALSE,MPA only,110,-0.031222615250000002,0.30777515725,TRUE,FALSE,TRUE,FALSE
Western Indian,Western Indian Ocean,14443,V14443,39.56,-7.22,Fished,30,0,0,15,42,0,0,0,3117,3124,1713,2190,5038,2992,2161,777,36,30,37,18,151,56,236,64,2010,1424,1810,2025,3500,5872,4630,1080,38,35,35,18,189,201,201,24,-0.235561006,-0.115642747,0.021582734,0.476238625,-0.270417423,-0.437888199,-0.609649123,0.304347826,14443,CELL014443,-0.235561006,Tanzania,TRUE,FALSE,TRUE,OECM only,136,-0.21795509625000004,0.34407915125,TRUE,FALSE,TRUE,FALSE
Western Indian,Western Indian Ocean,14444,V14444,38.92,-6.18,Fished,5,36,40,60,11,0,3,0,3006,2812,1775,2160,4813,3348,5099,2709,33,30,37,19,119,45,210,64,1550,1326,1665,2295,5190,7222,6205,2640,36,33,33,14,212,237,237,23,-0.231103722,-0.483561245,-0.087012987,-0.112754159,-0.540059347,-0.576874206,-0.689751989,-0.069908815,14444,CELL014444,-0.231103722,Tanzania,FALSE,FALSE,FALSE,Unprotected,136,-0.21795509625000004,0.34407915125,TRUE,FALSE,TRUE,FALSE
Western Indian,Western Indian Ocean,14445,V14445,39.48,-7.62,Fished,120,36,40,135,123,52,13,39,3007,2974,1810,2310,6874,4074,4817,2043,35,31,36,20,147,57,223,58,1785,1330,1575,1650,6755,7574,7135,3075,37,35,35,15,238,236,236,36,-0.39135715,-0.453749811,-0.156072645,0.061337009,-0.581967213,-0.638346728,-0.701257862,-0.301587302,14445,CELL014445,-0.39135715,Tanzania,TRUE,FALSE,TRUE,OECM only,136,-0.21795509625000004,0.34407915125,TRUE,FALSE,TRUE,FALSE
Western Indian,Western Indian Ocean,14446,V14446,39.48,-7.38,Fished,25,32,30,60,158,64,52,30,3014,3014,1747,2214,4275,2510,4338,2058,29,27,35,21,122,48,186,67,1680,1206,1465,2115,6250,7140,6400,2265,34,31,31,17,222,229,229,32,-0.173000412,-0.42580115,0.091238233,0.036516854,-0.57629256,-0.627463446,-0.710999281,-0.034246575,14446,CELL014446,-0.173000412,Tanzania,FALSE,FALSE,FALSE,Unprotected,136,-0.21795509625000004,0.34407915125,FALSE,FALSE,FALSE,FALSE
Western Indian,Western Indian Ocean,14447,V14447,39.56,-7.7,Fished,0,0,0,15,46,4,8,15,2170,1400,1325,1065,1149,944,554,918,40,35,52,33,96,55,117,78,1740,1464,1710,810,615,776,490,255,35,39,39,15,64,29,29,15,0.307622778,0.410324641,0.194539249,0.074130106,0.477707006,0.554545455,0.307142857,0.521126761,14447,CELL014447,0.307622778,Tanzania,TRUE,FALSE,TRUE,OECM only,136,-0.21795509625000004,0.34407915125,FALSE,FALSE,FALSE,TRUE
Western Indian,Western Indian Ocean,14448,V14448,39.48,-7.54,Fished,10,26,15,0,10,2,14,36,2070,1392,1328,1242,1074,900,815,1350,45,29,53,31,112,61,158,91,1845,1470,1875,1425,660,1186,715,180,35,36,36,18,70,45,45,12,0.316793893,0.239384041,0.214659686,-0.041666667,0.473053892,0.447876448,0.106927711,0.775700935,14448,CELL014448,0.316793893,Tanzania,FALSE,FALSE,FALSE,Unprotected,136,-0.21795509625000004,0.34407915125,FALSE,FALSE,FALSE,TRUE
Western Indian,Western Indian Ocean,14449,V14449,39.88,-4.82,Fished,5,0,0,0,35,4,31,12,2090,1344,1340,1050,1380,1612,673,633,40,33,49,30,94,58,124,69,1735,1482,1805,615,425,1752,1130,255,40,38,38,11,56,65,65,16,0.204610951,0.331346249,-0.090663058,0.247771836,0.606481481,0.229982964,-0.083487941,0.413793103,14449,CELL014449,0.204610951,Tanzania,FALSE,FALSE,FALSE,Unprotected,136,-0.21795509625000004,0.34407915125,FALSE,FALSE,FALSE,FALSE
Western Indian,Western Indian Ocean,14450,V14450,40.28,-2.82,Fished,15,0,0,15,91,136,19,12,2123,1396,1236,966,1752,2014,722,831,44,27,54,28,84,55,117,58,1315,1260,1600,780,755,1604,1060,420,35,31,31,14,73,59,59,22,0.095741935,0.262512768,-0.181231672,0.075125209,0.270531401,0.203007519,-0.120111732,0.3,14450,CELL014450,0.095741935,Kenya,FALSE,FALSE,FALSE,Unprotected,27,-0.1251549685,0.5619012225,FALSE,FALSE,FALSE,FALSE
Western Indian,Western Indian Ocean,14451,V14451,40.2,-3.22,Fished,5,0,0,0,19,2,16,18,2138,1422,1279,1125,1745,1474,1739,675,40,31,47,32,89,52,118,63,1930,1610,2025,825,520,1482,955,735,38,40,40,16,62,55,55,23,0.101210404,-0.15241882,-0.017955801,0.25,0.575510204,0.359060403,0.041397154,0.057692308,14451,CELL014451,0.101210404,Kenya,TRUE,TRUE,FALSE,MPA only,27,-0.1251549685,0.5619012225,FALSE,FALSE,FALSE,FALSE
Western Indian,Western Indian Ocean,14452,V14452,40.2,-3.3,Fished,5,0,0,30,11,32,16,24,2380,1656,1387,1092,643,560,410,648,46,31,46,36,60,26,73,46,1655,1612,1880,915,245,864,510,165,42,43,43,15,36,33,33,10,0.574594773,0.543683918,0.494584838,0.255172414,0.742105263,0.573221757,0.302100162,0.694444444,14452,CELL014452,0.574594773,Kenya,TRUE,TRUE,FALSE,MPA only,27,-0.1251549685,0.5619012225,FALSE,TRUE,FALSE,TRUE
Western Indian,Western Indian Ocean,14453,V14453,39.56,-5.38,Fished,395,102,205,225,845,388,271,183,3216,2328,1592,1257,6188,3940,3471,3192,34,31,47,31,56,33,59,42,2100,1556,2090,795,5685,3590,4825,4500,40,36,36,13,70,83,83,42,-0.316035729,-0.37112384,-0.257179324,-0.434929198,-0.460500963,-0.395516992,-0.395258453,-0.699716714,14453,CELL014453,-0.316035729,Tanzania,TRUE,TRUE,FALSE,MPA only,136,-0.21795509625000004,0.34407915125,TRUE,FALSE,TRUE,FALSE
Western Indian,Western Indian Ocean,14454,V14454,39.08,-5.62,Fished,15,26,15,0,47,40,57,105,2455,1742,1470,1302,2124,2478,1076,1521,37,30,49,31,57,36,65,40,1935,1516,1890,810,770,1276,840,480,39,38,38,14,65,47,47,25,0.072286525,0.154752553,-0.174407583,-0.077577046,0.430683919,0.384615385,0.085959885,0.255813953,14454,CELL014454,0.072286525,Tanzania,FALSE,FALSE,FALSE,Unprotected,136,-0.21795509625000004,0.34407915125,FALSE,FALSE,FALSE,FALSE
Western Indian,Western Indian Ocean,14455,V14455,39.56,-5.14,Fished,20,34,35,45,146,182,84,24,2412,1692,1492,1146,2811,2788,1188,906,38,28,43,29,64,46,79,43,1645,1510,1825,825,1045,1886,1465,930,39,39,39,16,71,65,65,38,-0.076392878,0.113432836,-0.244642857,0.116959064,0.223048327,0.109422492,-0.110718492,-0.05982906,14455,CELL014455,-0.076392878,Tanzania,TRUE,TRUE,FALSE,MPA only,136,-0.21795509625000004,0.34407915125,FALSE,FALSE,FALSE,FALSE
Western Indian,Western Indian Ocean,14457,V14457,44.52,1.5,Fished,65,28,20,60,76,6,120,81,1992,1128,1146,618,2255,1110,1745,2127,31,20,39,18,78,55,112,50,1535,1126,1465,450,2215,2746,2115,1230,34,27,27,12,94,95,95,39,-0.061926065,-0.207194742,0.008042895,-0.549726776,-0.181333333,-0.181564246,-0.41838843,-0.464285714,14457,CELL014457,-0.061926065,Somalia,FALSE,FALSE,FALSE,Unprotected,22,-0.24193630225,0.24891961025,FALSE,FALSE,FALSE,FALSE
Western Indian,Western Indian Ocean,14458,V14458,44.68,1.58,Fished,105,34,35,0,57,24,148,123,1954,1234,1183,726,2234,1170,1733,2421,25,18,37,17,55,31,67,43,1500,1380,1750,195,1915,2270,1775,705,35,34,34,5,79,78,78,31,-0.066857689,-0.18861454,0.026622296,-0.538608198,-0.121522694,-0.007092199,-0.243835616,-0.566666667,14458,CELL014458,-0.066857689,Somalia,FALSE,FALSE,FALSE,Unprotected,22,-0.24193630225,0.24891961025,FALSE,FALSE,FALSE,FALSE
Western Indian,Western Indian Ocean,14459,V14459,45.72,2.22,Fished,20,64,110,45,114,20,26,42,1149,742,892,798,1715,986,483,669,34,17,38,16,59,31,82,51,1110,1094,1285,255,810,3006,2515,840,32,29,29,6,57,100,100,26,-0.197625698,0.297454545,-0.141203704,0.08793456,0.15625,-0.323684211,-0.466341463,-0.534246575,14459,CELL014459,-0.197625698,Somalia,FALSE,FALSE,FALSE,Unprotected,22,-0.24193630225,0.24891961025,FALSE,FALSE,TRUE,FALSE
Western Indian,Western Indian Ocean,14460,V14460,45.64,2.14,Fished,60,70,125,90,276,144,94,105,1414,1002,903,801,2611,1514,1257,1752,33,17,42,16,54,34,83,53,1275,968,1170,435,2265,3214,3685,4560,33,25,25,9,70,87,87,61,-0.297391304,-0.163888889,-0.203497615,-0.372502938,-0.279661017,-0.518022657,-0.537063606,-0.825825826,14460,CELL014460,-0.297391304,Somalia,FALSE,FALSE,FALSE,Unprotected,22,-0.24193630225,0.24891961025,TRUE,FALSE,TRUE,FALSE
Western Indian,Western Indian Ocean,14461,V14461,45.48,2.06,Fished,120,42,55,15,359,460,195,168,2488,1956,1342,1104,5135,4312,3495,2706,31,18,42,23,59,42,85,49,1545,1438,1695,720,3665,2684,2410,1650,35,38,38,13,84,86,86,44,-0.34723862,-0.445110606,-0.375877473,-0.420472441,-0.406909789,-0.174177832,-0.302280446,-0.392405063,14461,CELL014461,-0.34723862,Somalia,FALSE,FALSE,FALSE,Unprotected,22,-0.24193630225,0.24891961025,TRUE,FALSE,TRUE,FALSE
Western Indian,Western Indian Ocean,14462,V14462,44.92,1.74,Fished,30,68,120,0,77,8,74,84,2250,1350,1229,954,2475,1664,1676,1665,31,21,36,21,77,58,96,43,1365,1368,1670,510,1270,2274,2385,240,32,35,35,15,75,66,66,16,-0.047619048,-0.153872633,-0.104180491,-0.271477663,0.036053131,-0.176325524,-0.248764415,0.36,14462,CELL014462,-0.047619048,Somalia,FALSE,FALSE,FALSE,Unprotected,22,-0.24193630225,0.24891961025,FALSE,FALSE,FALSE,FALSE
Western Indian,Western Indian Ocean,14463,V14463,44.76,1.66,Fished,170,40,50,30,197,126,109,81,2487,1820,1206,984,3808,2480,2399,2037,31,21,41,27,62,53,90,45,1500,1346,1565,360,2360,2488,2170,720,36,36,36,9,80,81,81,34,-0.209849087,-0.330929265,-0.153488372,-0.348560079,-0.222797927,-0.161981258,-0.297861242,-0.333333333,14463,CELL014463,-0.209849087,Somalia,FALSE,FALSE,FALSE,Unprotected,22,-0.24193630225,0.24891961025,FALSE,FALSE,TRUE,FALSE
Western Indian,Western Indian Ocean,14464,V14464,42.28,-0.82,Fished,45,30,25,15,23,20,49,120,954,674,766,789,1586,1770,984,1245,30,20,34,17,63,36,97,67,795,702,705,390,1160,2006,1615,510,27,21,21,7,71,68,68,24,-0.248818898,-0.124571429,-0.448445172,-0.224188791,-0.186700767,-0.392241379,-0.481536189,-0.133333333,14464,CELL014464,-0.248818898,Somalia,FALSE,FALSE,FALSE,Unprotected,22,-0.24193630225,0.24891961025,TRUE,FALSE,TRUE,FALSE
Western Indian,Western Indian Ocean,14465,V14465,42.28,-0.82,Fished,30,34,35,15,28,42,26,90,873,640,658,690,1988,2408,736,1194,28,15,30,16,51,33,95,48,785,684,710,390,500,2112,1580,540,21,20,20,10,51,74,74,22,-0.389723873,-0.055954089,-0.580052493,-0.267515924,0.221789883,-0.379912664,-0.510729614,-0.161290323,14465,CELL014465,-0.389723873,Somalia,FALSE,FALSE,FALSE,Unprotected,22,-0.24193630225,0.24891961025,TRUE,FALSE,TRUE,FALSE
Western Indian,Western Indian Ocean,14468,V14468,41.96,-1.22,Fished,35,26,15,45,86,44,57,33,1002,706,741,723,1695,1536,1141,618,29,17,31,14,58,37,86,59,845,784,860,315,670,2474,1985,990,26,22,22,6,60,84,84,34,-0.256952169,-0.212539851,-0.370205174,0.078299776,0.115511551,-0.39543058,-0.518723143,-0.517241379,14468,CELL014468,-0.256952169,Somalia,FALSE,FALSE,FALSE,Unprotected,22,-0.24193630225,0.24891961025,TRUE,FALSE,TRUE,FALSE
Western Indian,Western Indian Ocean,14470,V14470,42.2,-0.9,Fished,40,26,15,45,130,116,61,51,614,374,230,162,612,428,261,138,4,4,5,5,27,12,39,15,180,126,115,45,230,868,570,255,5,4,4,1,25,32,32,9,0.001631321,-0.063136456,-0.067331671,0.08,-0.12195122,-0.664233577,-0.746478873,-0.7,14470,CELL014470,0.001631321,Somalia,FALSE,FALSE,FALSE,Unprotected,22,-0.24193630225,0.24891961025,FALSE,FALSE,FALSE,FALSE
Western Indian,Western Indian Ocean,14472,V14472,42.04,-1.06,Fished,20,0,0,0,43,8,13,3,1855,1806,902,1014,1730,888,1471,1080,125,68,150,65,152,91,184,84,955,2590,1825,660,1745,2222,1455,300,97,93,93,32,116,82,82,17,0.034867503,-0.239780868,0.340757238,-0.031518625,-0.292592593,0.112804878,0.076475478,0.375,14472,CELL014472,0.034867503,Somalia,FALSE,FALSE,FALSE,Unprotected,22,-0.24193630225,0.24891961025,FALSE,FALSE,FALSE,FALSE
Western Indian,Western Indian Ocean,14473,V14473,41.56,-1.7,Fished,25,0,0,60,127,46,32,57,1881,1086,1040,855,2191,2108,962,1188,104,51,143,65,138,66,172,76,995,2362,1605,900,885,1182,755,615,105,86,86,27,85,44,44,27,-0.076129666,0.038961039,-0.319974953,-0.162995595,0.058510638,0.360169492,0.332957111,0.188118812,14473,CELL014473,-0.076129666,Kenya,TRUE,TRUE,FALSE,MPA only,27,-0.1251549685,0.5619012225,FALSE,FALSE,FALSE,FALSE
Western Indian,Western Indian Ocean,14474,V14474,41.56,-1.78,Fished,0,0,0,0,42,56,12,9,291,240,111,72,498,318,412,312,19,9,19,11,62,30,79,39,95,188,120,15,295,796,540,135,9,7,7,1,30,29,29,7,-0.262357414,-0.575525813,-0.139784946,-0.625,-0.512820513,-0.636363636,-0.617886179,-0.8,14474,CELL014474,-0.262357414,Kenya,FALSE,FALSE,FALSE,Unprotected,27,-0.1251549685,0.5619012225,TRUE,FALSE,TRUE,FALSE
Western Indian,Western Indian Ocean,14475,V14475,41.72,-1.54,Fished,15,0,0,15,7,4,6,9,251,134,96,75,486,256,541,612,15,8,18,9,73,36,78,50,95,190,125,120,380,1012,680,165,9,7,7,7,40,37,37,8,-0.318860244,-0.698587127,-0.312820513,-0.781659389,-0.6,-0.689440994,-0.683860233,-0.157894737,14475,CELL014475,-0.318860244,Somalia,FALSE,FALSE,FALSE,Unprotected,22,-0.24193630225,0.24891961025,TRUE,FALSE,TRUE,FALSE
Western Indian,Western Indian Ocean,14476,V14476,41.48,-1.86,Fished,0,0,0,0,56,46,56,93,271,178,154,252,593,436,668,894,13,12,18,10,68,38,85,51,50,190,125,30,420,1420,1000,150,7,7,7,1,44,51,51,10,-0.372685185,-0.625304136,-0.42019544,-0.560209424,-0.787234043,-0.777777778,-0.763975155,-0.666666667,14476,CELL014476,-0.372685185,Kenya,TRUE,TRUE,FALSE,MPA only,27,-0.1251549685,0.5619012225,TRUE,FALSE,TRUE,FALSE
Western Indian,Western Indian Ocean,14477,V14477,41.24,-2.1,Fished,10,28,20,0,32,18,27,66,212,134,156,264,514,272,736,540,15,12,18,12,73,33,80,47,160,270,225,180,335,1590,1275,150,9,9,9,6,38,54,54,9,-0.415977961,-0.650224215,-0.339901478,-0.343283582,-0.353535354,-0.7,-0.709677419,0.090909091,14477,CELL014477,-0.415977961,Kenya,FALSE,FALSE,FALSE,Unprotected,27,-0.1251549685,0.5619012225,TRUE,FALSE,TRUE,FALSE
Western Indian,Western Indian Ocean,14478,V14478,41,-2.34,Fished,0,0,0,0,24,18,12,30,264,236,156,129,675,526,699,849,17,9,23,9,65,32,77,51,135,280,200,150,410,762,505,150,12,10,10,4,39,28,28,9,-0.437699681,-0.635087719,-0.380577428,-0.736196319,-0.504587156,-0.432624113,-0.462571977,0,14478,CELL014478,-0.437699681,Kenya,FALSE,FALSE,FALSE,Unprotected,27,-0.1251549685,0.5619012225,TRUE,FALSE,TRUE,FALSE
Western Indian,Western Indian Ocean,14479,V14479,41.16,-2.18,Fished,0,26,15,15,9,16,16,36,116,102,121,168,521,380,463,399,15,6,16,9,64,26,78,47,130,240,150,120,310,562,355,135,12,9,9,7,31,21,21,9,-0.635792779,-0.585616438,-0.576763485,-0.407407407,-0.409090909,-0.405940594,-0.401496259,-0.058823529,14479,CELL014479,-0.635792779,Kenya,FALSE,FALSE,FALSE,Unprotected,27,-0.1251549685,0.5619012225,TRUE,FALSE,TRUE,FALSE
Western Indian,Western Indian Ocean,14480,V14480,41.08,-2.26,Fished,10,28,20,15,53,96,4,6,2069,2080,1036,1134,1932,2368,829,1458,139,69,169,76,117,69,152,56,1265,3382,2355,795,510,2092,1430,420,134,122,122,34,77,76,76,26,0.03424144,0.110991957,-0.064748201,-0.125,0.425352113,0.244385733,0.235659481,0.308641975,14480,CELL014480,0.03424144,Kenya,FALSE,FALSE,FALSE,Unprotected,27,-0.1251549685,0.5619012225,FALSE,FALSE,FALSE,FALSE
Western Indian,Western Indian Ocean,14481,V14481,41.32,-2.02,Fished,10,30,25,0,107,66,33,51,1776,1240,987,984,3336,3096,1488,2658,123,64,151,85,108,69,138,74,995,2866,1915,885,1080,2152,1530,1200,101,105,105,40,98,77,77,36,-0.305164319,-0.202424242,-0.42804428,-0.459637562,-0.040963855,0.111756168,0.142287764,-0.151079137,14481,CELL014481,-0.305164319,Kenya,TRUE,TRUE,FALSE,MPA only,27,-0.1251549685,0.5619012225,TRUE,FALSE,TRUE,FALSE
Western Indian,Western Indian Ocean,14482,V14482,40.28,-16.1,Fished,5,0,0,15,179,308,12,0,2303,2086,1188,1293,1853,2578,302,225,118,44,156,70,60,44,61,31,1535,3552,2480,975,220,1592,1030,270,133,128,128,28,31,59,59,18,0.10827719,0.594630872,-0.105488851,0.703557312,0.749287749,0.413105413,0.381026439,0.56626506,14482,CELL014482,0.10827719,Mozambique,FALSE,FALSE,FALSE,Unprotected,110,-0.031222615250000002,0.30777515725,FALSE,FALSE,FALSE,FALSE
Western Indian,Western Indian Ocean,14483,V14483,40.36,-16.02,Fished,0,0,0,30,34,28,14,21,1942,1890,1085,1242,1237,1066,855,1287,141,74,178,90,133,70,174,68,1390,2950,2075,765,525,1846,1365,1305,139,106,106,30,74,65,65,36,0.221767852,0.118556701,0.278755074,-0.017793594,0.451697128,0.206395349,0.230191827,-0.260869565,14483,CELL014483,0.221767852,Mozambique,FALSE,FALSE,FALSE,Unprotected,110,-0.031222615250000002,0.30777515725,FALSE,FALSE,FALSE,FALSE
Western Indian,Western Indian Ocean,14484,V14484,40.04,-16.42,Fished,35,28,20,30,173,270,61,171,2391,2166,996,1314,2039,2758,545,1347,116,39,149,69,38,30,60,36,1330,3068,2170,930,820,1672,1130,885,127,110,110,36,47,61,61,28,0.079458239,0.292667099,-0.120227457,-0.012401353,0.237209302,0.315151515,0.294514768,0.024793388,14484,CELL014484,0.079458239,Mozambique,TRUE,TRUE,FALSE,MPA only,110,-0.031222615250000002,0.30777515725,FALSE,FALSE,FALSE,FALSE
Western Indian,Western Indian Ocean,14485,V14485,39.96,-16.5,Fished,10,26,15,0,248,122,70,36,1807,1054,1048,882,2900,1888,1243,867,106,59,167,77,102,42,142,69,1290,3460,2350,900,540,2232,1580,810,122,126,126,34,64,80,80,27,-0.232207351,-0.08511567,-0.283480625,0.008576329,0.409836066,0.195928753,0.215741391,0.052631579,14485,CELL014485,-0.232207351,Mozambique,TRUE,TRUE,FALSE,MPA only,110,-0.031222615250000002,0.30777515725,TRUE,FALSE,TRUE,FALSE
Western Indian,Western Indian Ocean,14486,V14486,40.12,-16.34,Fished,30,40,50,75,92,190,52,150,2195,2356,1099,1455,1771,2700,606,1182,127,50,152,79,58,49,89,34,1380,2926,2115,960,485,1668,1170,1770,116,104,104,30,49,60,60,30,0.106908724,0.28914956,-0.068037975,0.103526735,0.479892761,0.287671233,0.273835438,-0.296703297,14486,CELL014486,0.106908724,Mozambique,TRUE,TRUE,FALSE,MPA only,110,-0.031222615250000002,0.30777515725,FALSE,FALSE,FALSE,FALSE
Western Indian,Western Indian Ocean,14487,V14487,40.28,-16.02,Fished,5,32,30,0,9,22,9,3,2064,1986,1053,1419,1194,638,721,567,151,79,165,87,119,77,150,66,1335,3416,2490,945,900,1780,1250,135,127,121,121,43,94,64,64,9,0.267034991,0.187147689,0.513719512,0.429003021,0.194630872,0.331550802,0.314857583,0.75,14487,CELL014487,0.267034991,Mozambique,FALSE,FALSE,FALSE,Unprotected,110,-0.031222615250000002,0.30777515725,FALSE,FALSE,FALSE,FALSE
Western Indian,Western Indian Ocean,14488,V14488,40.12,-16.1,Fished,0,26,15,0,2,0,2,6,1656,1546,971,1041,1073,898,774,579,150,70,172,84,129,88,166,58,1240,3086,2115,990,375,2008,1320,195,126,112,112,44,58,74,74,11,0.213631367,0.112893983,0.265139116,0.285185185,0.535603715,0.231441048,0.211621516,0.670886076,14488,CELL014488,0.213631367,Mozambique,TRUE,TRUE,FALSE,MPA only,110,-0.031222615250000002,0.30777515725,FALSE,FALSE,FALSE,FALSE
Western Indian,Western Indian Ocean,14489,V14489,40.2,-16.1,Fished,30,26,15,0,26,30,18,15,2156,1986,969,1245,1297,1104,1083,576,119,65,150,72,131,66,164,70,1190,3082,2105,885,1590,1902,1205,315,110,112,112,31,119,71,71,18,0.248769186,-0.055555556,0.285436893,0.36738056,-0.143884892,0.271903323,0.236757624,0.475,14489,CELL014489,0.248769186,Mozambique,TRUE,TRUE,FALSE,MPA only,110,-0.031222615250000002,0.30777515725,FALSE,FALSE,FALSE,FALSE
Western Indian,Western Indian Ocean,14490,V14490,40.04,-16.34,Fished,5,30,25,0,3,0,1,0,1689,1676,807,966,1663,856,1252,1185,132,58,132,85,158,102,192,87,975,2390,1625,660,845,2292,1530,465,96,87,87,33,93,84,84,25,0.007756563,-0.216124332,0.32385466,-0.10181311,0.071428571,0.030110935,0.020931226,0.173333333,14490,CELL014490,0.007756563,Mozambique,TRUE,TRUE,FALSE,MPA only,110,-0.031222615250000002,0.30777515725,FALSE,FALSE,FALSE,FALSE
Western Indian,Western Indian Ocean,14491,V14491,39.56,-16.82,Fished,0,0,0,0,53,32,19,78,289,242,199,399,755,572,889,1209,19,13,20,16,79,39,89,57,100,146,115,45,450,1410,1025,345,9,5,5,3,45,50,50,14,-0.446360153,-0.634191176,-0.405405405,-0.503731343,-0.636363636,-0.798245614,-0.812339332,-0.769230769,14491,CELL014491,-0.446360153,Mozambique,TRUE,TRUE,FALSE,MPA only,110,-0.031222615250000002,0.30777515725,TRUE,FALSE,TRUE,FALSE
Western Indian,Western Indian Ocean,14492,V14492,39.48,-16.82,Fished,0,28,20,15,7,12,5,0,1777,1652,906,1050,1282,1228,670,516,143,67,157,72,156,96,192,70,925,2628,1770,765,615,1904,1210,510,106,96,96,34,93,71,71,25,0.161817587,0.149746193,0.147222222,0.340996169,0.201298701,0.187919463,0.159752868,0.2,14492,CELL014492,0.161817587,Mozambique,TRUE,TRUE,FALSE,MPA only,110,-0.031222615250000002,0.30777515725,FALSE,FALSE,FALSE,FALSE
Western Indian,Western Indian Ocean,14493,V14493,39.08,-17.14,Fished,0,26,15,0,3,0,14,27,1441,1372,749,927,2321,2010,1278,1611,141,65,161,85,168,105,195,90,940,2734,1935,1020,810,2870,2025,525,98,98,98,40,104,103,103,27,-0.233918129,-0.260976813,-0.188645772,-0.269503546,0.074285714,-0.022727273,-0.02426838,0.32038835,14493,CELL014493,-0.233918129,Mozambique,TRUE,TRUE,FALSE,MPA only,110,-0.031222615250000002,0.30777515725,TRUE,FALSE,TRUE,FALSE
Western Indian,Western Indian Ocean,14494,V14494,39.16,-17.06,Fished,0,32,30,0,94,120,33,6,2111,1950,1146,1098,1375,1884,375,222,126,55,157,62,55,35,88,38,1410,3300,2250,750,425,2176,1490,645,139,120,120,29,51,79,79,30,0.211130235,0.506903353,0.017214397,0.663636364,0.536784741,0.203208556,0.205259313,0.075268817,14494,CELL014494,0.211130235,Mozambique,TRUE,TRUE,FALSE,MPA only,110,-0.031222615250000002,0.30777515725,FALSE,FALSE,FALSE,FALSE
Western Indian,Western Indian Ocean,14495,V14495,39.88,-16.5,Fished,0,0,0,0,63,106,15,3,1797,1666,1035,1278,1563,1704,873,858,114,55,148,72,100,54,126,66,1040,2762,1905,960,960,2526,1665,315,104,100,100,33,85,93,93,19,0.069642857,0.08490566,-0.011275964,0.196629213,0.04,0.067226891,0.044629349,0.505882353,14495,CELL014495,0.069642857,Mozambique,TRUE,TRUE,FALSE,MPA only,110,-0.031222615250000002,0.30777515725,FALSE,FALSE,FALSE,FALSE
Western Indian,Western Indian Ocean,14496,V14496,39.72,-16.66,Fished,0,30,25,0,23,36,3,9,2140,1946,1041,1110,1539,1648,396,390,127,67,148,63,76,49,95,42,1200,3288,2320,735,640,1888,1270,255,108,118,118,37,76,69,69,16,0.163359609,0.448851775,0.082915971,0.48,0.304347826,0.292479109,0.270479134,0.484848485,14496,CELL014496,0.163359609,Mozambique,TRUE,TRUE,FALSE,MPA only,110,-0.031222615250000002,0.30777515725,FALSE,FALSE,FALSE,FALSE
Western Indian,Western Indian Ocean,14497,V14497,39.8,-16.58,Fished,30,38,45,0,286,250,36,33,2255,2008,1185,1389,2955,3772,852,1608,124,62,159,80,59,45,88,43,1345,3612,2530,1050,1055,2276,1690,1230,123,130,130,44,98,80,80,42,-0.134357006,0.1634757,-0.305190311,-0.073073073,0.120833333,0.199052133,0.226902174,-0.078947368,14497,CELL014497,-0.134357006,Mozambique,TRUE,TRUE,FALSE,MPA only,110,-0.031222615250000002,0.30777515725,TRUE,FALSE,FALSE,FALSE
Western Indian,Western Indian Ocean,14498,V14498,38.84,-17.3,Fished,15,30,25,45,24,4,5,12,1811,1674,952,1239,1210,1324,464,366,130,76,167,87,123,62,155,59,1080,2932,1980,705,600,2296,1590,825,116,107,107,32,73,83,83,37,0.198940748,0.344632768,0.116744496,0.543925234,0.285714286,0.109243697,0.12165264,-0.078431373,14498,CELL014498,0.198940748,Mozambique,TRUE,TRUE,FALSE,MPA only,110,-0.031222615250000002,0.30777515725,FALSE,FALSE,FALSE,FALSE
Western Indian,Western Indian Ocean,14499,V14499,38.76,-17.3,Fished,0,0,0,0,26,10,9,27,1799,1626,1021,1086,1157,1098,761,846,160,74,197,96,154,85,181,85,1420,3310,2375,945,710,1646,1015,225,136,118,118,39,102,62,62,12,0.217185386,0.145903479,0.193832599,0.124223602,0.333333333,0.401179941,0.335754641,0.615384615,14499,CELL014499,0.217185386,Mozambique,TRUE,TRUE,FALSE,MPA only,110,-0.031222615250000002,0.30777515725,FALSE,FALSE,FALSE,FALSE
Western Indian,Western Indian Ocean,14500,V14500,38.92,-17.22,Fished,10,26,15,90,116,62,17,3,2175,1684,1020,900,1410,1338,499,534,123,55,147,66,124,50,134,52,1020,2600,1800,990,650,1196,740,630,107,94,94,36,70,45,45,20,0.213389121,0.342988808,0.114493713,0.255230126,0.221556886,0.417322835,0.369863014,0.222222222,14500,CELL014500,0.213389121,Mozambique,TRUE,TRUE,FALSE,MPA only,110,-0.031222615250000002,0.30777515725,FALSE,FALSE,FALSE,FALSE
Western Indian,Western Indian Ocean,14501,V14501,35.32,-21.38,Fished,0,0,0,0,11,8,8,6,476,322,400,501,942,546,1015,711,66,38,83,38,152,76,182,93,405,1374,1085,705,1040,1556,1040,420,32,47,47,20,106,57,57,21,-0.328631876,-0.434628975,-0.258064516,-0.173267327,-0.439446367,0.021176471,-0.062116041,0.253333333,14501,CELL014501,-0.328631876,Mozambique,FALSE,FALSE,FALSE,Unprotected,110,-0.031222615250000002,0.30777515725,TRUE,FALSE,TRUE,FALSE
Western Indian,Western Indian Ocean,14502,V14502,45.08,-12.5,MPA,15,0,0,0,14,14,11,27,522,266,512,492,1035,656,1265,1257,68,40,79,38,163,84,181,93,615,1014,835,690,805,1420,900,270,36,34,34,15,92,53,53,18,-0.329479769,-0.42374789,-0.422993492,-0.437392796,-0.133802817,-0.037463977,-0.166803615,0.4375,14502,CELL014502,-0.329479769,France,FALSE,FALSE,FALSE,Unprotected,54,-0.31484398975,0.4384915245,TRUE,FALSE,TRUE,FALSE
Western Indian,Western Indian Ocean,14503,V14503,45.24,-13.06,MPA,45,0,0,105,19,2,18,39,2108,2198,1064,1416,1124,816,461,600,120,65,157,82,112,66,142,50,1495,3174,2235,1035,860,1132,730,765,127,114,114,31,72,42,42,21,0.304455446,0.395409836,0.458526875,0.404761905,0.269639066,0.507588533,0.474222016,0.15,14503,CELL014503,0.304455446,France,TRUE,TRUE,FALSE,MPA only,54,-0.31484398975,0.4384915245,FALSE,FALSE,FALSE,FALSE
Western Indian,Western Indian Ocean,14504,V14504,39.64,-21.54,Fished,15,0,0,30,82,108,4,3,2083,1430,929,765,1348,1464,381,390,117,62,164,85,112,74,144,59,1190,2670,1875,855,515,1400,850,390,114,96,96,37,62,53,53,22,0.214223259,0.418320611,-0.011748445,0.324675325,0.395894428,0.376146789,0.312039312,0.373493976,14504,CELL014504,0.214223259,France,FALSE,FALSE,FALSE,Unprotected,54,-0.31484398975,0.4384915245,FALSE,FALSE,FALSE,FALSE
Western Indian,Western Indian Ocean,14505,V14505,39.72,-21.54,Fished,5,0,0,0,9,0,22,0,1084,570,867,660,3973,2118,3297,1434,138,65,164,65,154,89,174,111,970,2236,1490,660,2220,1972,1380,495,115,82,82,31,138,71,71,28,-0.571287325,-0.583573487,-0.575892857,-0.369627507,-0.39184953,0.038327526,0.062737643,0.142857143,14505,CELL014505,-0.571287325,France,FALSE,FALSE,FALSE,Unprotected,54,-0.31484398975,0.4384915245,TRUE,FALSE,TRUE,FALSE
Western Indian,Western Indian Ocean,14507,V14507,40.36,-22.42,Fished,0,0,0,0,75,140,0,0,1477,1598,928,873,526,852,97,330,115,60,124,54,26,23,24,18,765,2328,1570,315,30,212,130,270,76,85,85,17,6,8,8,13,0.474787818,0.810731707,0.304489796,0.451371571,0.924528302,0.847058824,0.833070866,0.076923077,14507,CELL014507,0.474787818,France,TRUE,TRUE,FALSE,MPA only,54,-0.31484398975,0.4384915245,FALSE,TRUE,FALSE,TRUE
Western Indian,Western Indian Ocean,14508,V14508,39.72,-21.46,Fished,0,0,0,0,0,0,0,0,1529,1538,884,1065,541,542,61,258,84,49,116,54,11,8,13,11,605,1928,1270,345,15,80,50,120,69,71,71,16,2,3,3,5,0.477294686,0.870899471,0.478846154,0.609977324,0.951612903,0.924242424,0.920318725,0.483870968,14508,CELL014508,0.477294686,France,FALSE,FALSE,FALSE,Unprotected,54,-0.31484398975,0.4384915245,FALSE,TRUE,FALSE,TRUE
Western Indian,Western Indian Ocean,14509,V14509,39.64,-21.46,Fished,35,30,25,0,315,278,28,87,2662,2188,1409,1809,317,280,33,93,32,18,79,43,3,2,2,2,1175,2000,1500,1410,35,30,25,0,75,70,70,40,1,1,1,0,0.787176905,0.954230236,0.773095624,0.902208202,0.94214876,0.967213115,0.97044335,1,14509,CELL014509,0.787176905,France,FALSE,FALSE,FALSE,Unprotected,54,-0.31484398975,0.4384915245,FALSE,TRUE,FALSE,TRUE
Western Indian,Western Indian Ocean,14510,V14510,44.92,-12.82,MPA,10,0,0,0,19,0,15,6,1184,634,899,672,3097,1224,2079,1074,139,62,153,75,148,76,173,97,1180,3118,2095,810,1215,1278,845,495,124,114,114,40,118,47,47,30,-0.446858211,-0.396239087,-0.317545748,-0.23024055,-0.014613779,0.425170068,0.418562329,0.24137931,14510,CELL014510,-0.446858211,France,TRUE,TRUE,FALSE,MPA only,54,-0.31484398975,0.4384915245,TRUE,FALSE,TRUE,FALSE
Western Indian,Western Indian Ocean,14511,V14511,45.32,-12.74,MPA,15,26,15,0,20,8,7,0,979,618,871,816,3212,1742,2493,1203,141,85,140,80,151,96,176,111,845,2514,1685,885,2135,1854,1235,495,95,92,92,35,134,68,68,30,-0.532808399,-0.48216409,-0.476271186,-0.191679049,-0.432885906,0.154109589,0.151098901,0.282608696,14511,CELL014511,-0.532808399,France,TRUE,TRUE,FALSE,MPA only,54,-0.31484398975,0.4384915245,TRUE,FALSE,TRUE,FALSE
Western Indian,Western Indian Ocean,14512,V14512,45,-12.82,MPA,0,0,0,0,0,0,0,0,1796,1906,907,642,265,450,101,270,113,50,140,66,17,18,25,22,885,2446,1565,225,35,158,95,330,86,91,91,10,6,6,6,18,0.74284328,0.799603175,0.617996604,0.407894737,0.923913043,0.885542169,0.878648233,-0.189189189,14512,CELL014512,0.74284328,France,TRUE,TRUE,FALSE,MPA only,54,-0.31484398975,0.4384915245,FALSE,TRUE,FALSE,TRUE
Western Indian,Western Indian Ocean,14513,V14513,44.92,-12.9,MPA,0,0,0,30,35,52,0,0,1772,1800,917,720,447,516,151,411,117,54,135,61,32,30,39,37,790,2404,1610,495,105,504,310,120,81,88,88,20,18,19,19,7,0.597115818,0.717228464,0.554404145,0.273209549,0.765363128,0.677083333,0.653370014,0.609756098,14513,CELL014513,0.597115818,France,TRUE,TRUE,FALSE,MPA only,54,-0.31484398975,0.4384915245,FALSE,TRUE,FALSE,TRUE
Western Indian,Western Indian Ocean,14514,V14514,45.08,-12.98,MPA,1620,490,1175,1545,2119,1892,1020,1215,3212,2812,1853,2169,2462,2314,1298,2061,42,8,76,22,10,10,12,13,2595,1736,2340,2880,2255,1284,2060,3510,57,40,40,22,21,23,23,22,0.132181882,0.17613456,0.097151775,0.025531915,0.070103093,0.063636364,0.149668874,-0.098591549,14514,CELL014514,0.132181882,France,TRUE,TRUE,FALSE,MPA only,54,-0.31484398975,0.4384915245,FALSE,FALSE,FALSE,FALSE
Western Indian,Western Indian Ocean,14515,V14515,45.32,-12.9,MPA,0,0,0,0,60,36,8,6,1498,1460,936,1107,1401,844,166,351,95,58,101,41,32,24,26,31,695,2386,1515,405,60,430,275,645,82,89,89,16,10,16,16,26,0.033459814,0.698729583,0.267361111,0.518518519,0.841059603,0.69273743,0.694602273,-0.228571429,14515,CELL014515,0.033459814,France,TRUE,TRUE,FALSE,MPA only,54,-0.31484398975,0.4384915245,FALSE,FALSE,FALSE,FALSE
Western Indian,Western Indian Ocean,14516,V14516,45,-12.9,MPA,5,0,0,0,369,410,14,21,2798,2250,1188,1587,963,910,309,165,71,33,113,45,8,5,8,8,1235,1980,1500,840,75,36,40,0,83,69,69,24,3,1,1,0,0.487902154,0.587174349,0.424050633,0.811643836,0.885496183,0.948051948,0.964285714,1,14516,CELL014516,0.487902154,France,TRUE,TRUE,FALSE,MPA only,54,-0.31484398975,0.4384915245,FALSE,TRUE,FALSE,TRUE
Western Indian,Western Indian Ocean,14517,V14517,45.08,-12.58,MPA,5,0,0,0,1,0,0,9,1362,1546,930,942,491,718,89,252,101,59,118,54,26,21,39,30,605,1620,1050,300,165,266,165,480,61,60,60,19,27,10,10,24,0.47004857,0.82531894,0.365724382,0.577889447,0.571428571,0.728395062,0.717921527,-0.230769231,14517,CELL014517,0.47004857,France,TRUE,TRUE,FALSE,MPA only,54,-0.31484398975,0.4384915245,FALSE,TRUE,FALSE,TRUE
Western Indian,Western Indian Ocean,14518,V14518,45,-12.58,MPA,5,0,0,0,158,232,14,33,1286,1464,936,939,1674,2536,426,1365,114,50,148,65,50,39,62,62,875,2378,1645,555,290,892,580,390,79,86,86,24,39,33,33,18,-0.131081081,0.374449339,-0.268,-0.184895833,0.502145923,0.478651685,0.454434251,0.174603175,14518,CELL014518,-0.131081081,France,TRUE,TRUE,FALSE,MPA only,54,-0.31484398975,0.4384915245,FALSE,FALSE,FALSE,FALSE
Western Indian,Western Indian Ocean,14519,V14519,45.16,-12.58,MPA,5,0,0,0,65,162,1,0,3119,2654,1309,1155,902,566,737,609,64,20,120,51,18,12,22,15,1060,2598,1745,690,395,864,960,345,90,95,95,22,23,24,24,9,0.551355384,0.279569892,0.648447205,0.30952381,0.457044674,0.290203327,0.500866551,0.333333333,14519,CELL014519,0.551355384,France,TRUE,TRUE,FALSE,MPA only,54,-0.31484398975,0.4384915245,FALSE,TRUE,FALSE,TRUE
Western Indian,Western Indian Ocean,14520,V14520,45,-12.5,MPA,0,0,0,0,79,86,24,75,1386,1310,829,726,1908,2420,565,1194,126,58,135,59,68,63,83,74,735,1988,1270,465,480,678,395,135,76,74,74,22,53,26,26,7,-0.158469945,0.18938307,-0.297587131,-0.24375,0.209876543,0.525525526,0.491372843,0.55,14520,CELL014520,-0.158469945,France,FALSE,FALSE,FALSE,Unprotected,54,-0.31484398975,0.4384915245,FALSE,FALSE,FALSE,FALSE
Western Indian,Western Indian Ocean,14521,V14521,40.44,-22.34,Fished,0,0,0,0,32,4,17,33,1658,1284,898,624,1111,1476,192,483,86,49,121,51,38,37,51,44,765,2320,1450,150,315,242,155,285,85,87,87,9,31,9,9,17,0.19754424,0.647706422,-0.069565217,0.127371274,0.416666667,0.806853583,0.81108509,-0.310344828,14521,CELL014521,0.19754424,France,FALSE,FALSE,FALSE,Unprotected,54,-0.31484398975,0.4384915245,FALSE,FALSE,FALSE,FALSE
Western Indian,Western Indian Ocean,14522,V14522,44.92,-12.58,MPA,0,0,0,0,340,424,75,237,2494,2578,1125,2235,593,762,174,534,42,23,77,50,10,10,10,12,1505,1710,1625,3030,85,186,115,210,57,53,53,54,12,7,7,9,0.615808228,0.732101617,0.543712575,0.614301192,0.893081761,0.867816092,0.803797468,0.87037037,14522,CELL014522,0.615808228,France,FALSE,FALSE,FALSE,Unprotected,54,-0.31484398975,0.4384915245,FALSE,TRUE,FALSE,TRUE
Western Indian,Western Indian Ocean,14523,V14523,44.92,-12.5,MPA,20,26,15,0,44,28,10,24,1677,2368,1072,1923,1166,1966,428,1167,73,37,95,50,18,18,24,25,1660,2386,2115,3480,130,252,180,210,66,77,77,43,11,9,9,8,0.179739712,0.429333333,0.092754961,0.244660194,0.854748603,0.843137255,0.808946171,0.886178862,14523,CELL014523,0.179739712,France,FALSE,FALSE,FALSE,Unprotected,54,-0.31484398975,0.4384915245,FALSE,FALSE,FALSE,FALSE
Western Indian,Western Indian Ocean,14524,V14524,45,-12.74,MPA,5,0,0,0,138,166,30,120,2038,2426,1076,2223,871,1116,256,690,50,27,79,46,12,10,13,12,1780,2160,2000,3105,120,350,275,375,69,68,68,51,11,12,12,9,0.401168787,0.615615616,0.369847544,0.526261586,0.873684211,0.758241758,0.721115538,0.784482759,14524,CELL014524,0.401168787,France,TRUE,TRUE,FALSE,MPA only,54,-0.31484398975,0.4384915245,FALSE,FALSE,FALSE,TRUE
Western Indian,Western Indian Ocean,14525,V14525,45.24,-12.66,MPA,0,0,0,0,205,136,15,57,1802,2426,1024,2175,991,1214,231,477,48,25,87,42,13,13,13,11,1440,1978,1795,2775,115,518,495,585,57,63,63,44,12,16,16,13,0.290368779,0.63187251,0.332967033,0.640271493,0.852090032,0.56768559,0.584935897,0.651785714,14525,CELL014525,0.290368779,France,TRUE,TRUE,FALSE,MPA only,54,-0.31484398975,0.4384915245,FALSE,FALSE,FALSE,FALSE
Western Indian,Western Indian Ocean,14526,V14526,45,-12.66,MPA,55,0,0,30,308,336,76,129,1658,2040,954,1743,1555,1954,285,678,55,17,80,30,22,14,24,20,1200,2000,1500,2295,475,166,115,75,52,70,70,37,20,6,6,4,0.032057267,0.539951574,0.021532298,0.439900867,0.432835821,0.857585139,0.846722068,0.936708861,14526,CELL014526,0.032057267,France,TRUE,TRUE,FALSE,MPA only,54,-0.31484398975,0.4384915245,FALSE,FALSE,FALSE,FALSE
Western Indian,Western Indian Ocean,14527,V14527,45.16,-12.66,MPA,0,0,0,0,57,24,2,9,1652,1774,983,1140,1483,1060,251,252,92,58,110,56,21,17,28,14,955,1922,1355,660,100,354,235,285,69,69,69,27,7,13,13,15,0.053907496,0.593192869,0.25194072,0.637931034,0.81042654,0.704402516,0.688927944,0.396825397,14527,CELL014527,0.053907496,France,TRUE,TRUE,FALSE,MPA only,54,-0.31484398975,0.4384915245,FALSE,FALSE,FALSE,FALSE
Western Indian,Western Indian Ocean,14528,V14528,44.92,-12.66,MPA,0,0,0,0,44,26,1,0,1978,2040,872,768,280,270,30,84,113,49,133,57,14,9,14,14,880,1752,1180,495,55,158,95,210,92,64,64,14,8,6,6,11,0.751992914,0.933481153,0.766233766,0.802816901,0.882352941,0.850980392,0.834554974,0.404255319,14528,CELL014528,0.751992914,France,TRUE,TRUE,FALSE,MPA only,54,-0.31484398975,0.4384915245,FALSE,TRUE,FALSE,TRUE
Western Indian,Western Indian Ocean,14529,V14529,45,-13.06,MPA,0,0,0,0,98,134,4,0,1732,1632,936,771,648,738,151,201,115,58,140,61,29,21,38,28,740,2150,1425,450,380,352,230,240,77,79,79,14,40,13,13,13,0.455462185,0.722171113,0.37721519,0.586419753,0.321428571,0.722054381,0.7186251,0.304347826,14529,CELL014529,0.455462185,France,FALSE,FALSE,FALSE,Unprotected,54,-0.31484398975,0.4384915245,FALSE,TRUE,FALSE,TRUE
Western Indian,Western Indian Ocean,14530,V14530,45.16,-13.06,MPA,0,0,0,0,33,76,0,0,1615,1792,909,720,1465,2076,722,2235,126,47,153,60,52,45,66,54,985,2814,1835,555,305,1264,910,690,95,104,104,18,37,45,45,30,0.048701299,0.114653587,-0.073422958,-0.512690355,0.527131783,0.336976321,0.380088279,-0.108433735,14530,CELL014530,0.048701299,France,TRUE,TRUE,FALSE,MPA only,54,-0.31484398975,0.4384915245,FALSE,FALSE,FALSE,FALSE
Western Indian,Western Indian Ocean,14531,V14531,42.68,-17.06,Fished,5,0,0,0,77,18,8,3,1181,796,965,879,4323,2014,4231,2511,136,76,170,82,181,130,183,148,1085,3052,2180,720,1570,2746,2065,1515,105,109,109,34,127,96,96,56,-0.570857558,-0.628560431,-0.433451957,-0.481415929,-0.1826742,0.027090695,0.05277682,-0.355704698,14531,CELL014531,-0.570857558,France,FALSE,FALSE,FALSE,Unprotected,54,-0.31484398975,0.4384915245,TRUE,FALSE,TRUE,FALSE
Western Indian,Western Indian Ocean,14532,V14532,42.76,-17.06,Fished,5,0,0,0,39,10,21,3,1118,946,899,873,3528,2022,3272,1893,126,77,142,74,185,137,199,153,1090,2954,2135,750,1375,2896,2140,1455,100,105,105,30,130,102,102,62,-0.518725786,-0.568928315,-0.362533693,-0.368763557,-0.115618661,-0.001169591,0.00991453,-0.319727891,14532,CELL014532,-0.518725786,France,FALSE,FALSE,FALSE,Unprotected,54,-0.31484398975,0.4384915245,TRUE,FALSE,TRUE,FALSE
Western Indian,Western Indian Ocean,14533,V14533,45,-12.98,MPA,5,0,0,0,103,22,41,39,2164,1460,789,570,1681,1322,401,264,34,28,39,25,25,17,27,21,645,1014,985,525,170,316,190,15,34,31,31,15,11,12,12,1,0.125617685,0.32605042,0.049604601,0.366906475,0.582822086,0.676595745,0.52481203,0.944444444,14533,CELL014533,0.125617685,France,TRUE,TRUE,FALSE,MPA only,54,-0.31484398975,0.4384915245,FALSE,FALSE,FALSE,FALSE
Western Indian,Western Indian Ocean,14534,V14534,45.08,-13.06,MPA,30,0,0,0,39,22,25,24,2159,1894,726,585,1187,788,277,99,35,30,42,31,29,17,24,15,715,936,840,405,185,488,320,0,38,30,30,9,15,18,18,0,0.290496115,0.447657029,0.412378822,0.710526316,0.588888889,0.448275862,0.314606742,1,14534,CELL014534,0.290496115,France,TRUE,TRUE,FALSE,MPA only,54,-0.31484398975,0.4384915245,FALSE,FALSE,FALSE,FALSE
Western Indian,Western Indian Ocean,14535,V14535,47.32,-11.62,MPA,0,26,15,0,114,146,38,0,2373,2488,652,684,898,394,227,0,25,20,29,22,19,11,20,0,710,754,635,405,85,430,325,255,37,25,25,5,11,15,15,8,0.450932437,0.483503982,0.726578765,1,0.786163522,0.322916667,0.273648649,0.227272727,14535,CELL014535,0.450932437,France,FALSE,FALSE,FALSE,Unprotected,54,-0.31484398975,0.4384915245,FALSE,TRUE,FALSE,TRUE
Western Indian,Western Indian Ocean,14536,V14536,47.32,-11.54,MPA,10,0,0,0,96,116,16,0,1679,1400,562,285,1419,1386,237,258,33,25,36,18,29,21,29,20,525,574,535,150,125,406,265,180,28,18,18,3,14,15,15,7,0.083925113,0.406758448,0.005025126,0.049723757,0.615384615,0.3375,0.171428571,-0.090909091,14536,CELL014536,0.083925113,France,FALSE,FALSE,FALSE,Unprotected,54,-0.31484398975,0.4384915245,FALSE,FALSE,FALSE,FALSE
Western Indian,Western Indian Ocean,14537,V14537,48.6,-12.74,Fished,10,0,0,0,119,96,16,6,1690,1306,552,357,1338,1066,222,297,35,25,37,20,25,24,32,21,600,692,530,135,100,346,215,0,36,24,24,7,14,13,13,0,0.116248349,0.426356589,0.101180438,0.091743119,0.714285714,0.422818792,0.333333333,1,14537,CELL014537,0.116248349,Madagascar,TRUE,TRUE,FALSE,MPA only,199,-0.174266899,0.28266797099999996,FALSE,FALSE,FALSE,FALSE
Western Indian,Western Indian Ocean,14540,V14540,47.24,-11.54,MPA,0,0,0,0,201,282,16,15,2402,1916,1014,819,1202,1024,261,156,34,31,40,25,22,14,26,14,850,1346,1365,960,65,282,205,0,36,40,40,18,7,10,10,0,0.332963374,0.590588235,0.303401361,0.68,0.857923497,0.738853503,0.653562654,1,14540,CELL014540,0.332963374,France,FALSE,FALSE,FALSE,Unprotected,54,-0.31484398975,0.4384915245,FALSE,FALSE,FALSE,TRUE
Western Indian,Western Indian Ocean,14541,V14541,47.24,-11.62,MPA,0,0,0,0,175,156,22,51,2110,1430,729,702,1940,1162,378,474,41,23,48,26,26,18,33,25,940,1118,1045,780,80,486,365,45,34,35,35,17,10,17,17,2,0.041975309,0.317073171,0.103395062,0.193877551,0.843137255,0.482269504,0.394014963,0.890909091,14541,CELL014541,0.041975309,France,FALSE,FALSE,FALSE,Unprotected,54,-0.31484398975,0.4384915245,FALSE,FALSE,FALSE,FALSE
Western Indian,Western Indian Ocean,14542,V14542,48.68,-12.5,Fished,0,32,30,0,105,86,10,0,2262,1994,947,903,1274,626,168,39,30,29,42,31,18,13,21,4,990,1250,1225,1065,170,448,370,0,41,38,38,20,14,15,15,0,0.279411765,0.698654709,0.522137405,0.917197452,0.706896552,0.536050157,0.472320377,1,14542,CELL014542,0.279411765,Madagascar,FALSE,FALSE,FALSE,Unprotected,199,-0.174266899,0.28266797099999996,FALSE,FALSE,FALSE,FALSE
Western Indian,Western Indian Ocean,14544,V14544,48.12,-13.54,Fished,0,0,0,0,98,128,24,0,2005,2124,947,1044,1118,258,223,3,28,26,35,27,20,11,18,1,855,1100,1100,1095,155,594,535,0,37,33,33,13,14,19,19,0,0.284021774,0.618803419,0.783375315,0.994269341,0.693069307,0.345565749,0.298701299,1,14544,CELL014544,0.284021774,Madagascar,TRUE,TRUE,FALSE,MPA only,199,-0.174266899,0.28266797099999996,FALSE,TRUE,FALSE,FALSE
Western Indian,Western Indian Ocean,14545,V14545,48.44,-12.98,Fished,55,44,60,45,586,320,81,42,1903,1498,736,825,2895,2044,957,1113,23,17,27,24,21,20,27,23,430,340,300,450,1050,764,910,1095,22,11,11,8,27,20,20,20,-0.206752814,-0.130537507,-0.154150198,-0.148606811,-0.418918919,-0.504132231,-0.384057971,-0.417475728,14545,CELL014545,-0.206752814,Madagascar,TRUE,TRUE,FALSE,MPA only,199,-0.174266899,0.28266797099999996,TRUE,FALSE,TRUE,FALSE
Western Indian,Western Indian Ocean,14546,V14546,48.36,-13.22,Fished,0,0,0,0,72,6,12,30,1267,884,578,714,900,1048,206,216,25,17,31,20,26,23,30,16,370,298,245,210,60,290,175,30,16,10,10,7,12,11,11,2,0.16935856,0.474489796,-0.084886128,0.535483871,0.720930233,0.166666667,0.013605442,0.75,14546,CELL014546,0.16935856,Madagascar,FALSE,FALSE,FALSE,Unprotected,199,-0.174266899,0.28266797099999996,FALSE,FALSE,FALSE,FALSE
Western Indian,Western Indian Ocean,14547,V14547,48.52,-12.82,Fished,10,26,15,15,52,94,111,300,1449,2194,1051,2202,862,1152,695,1878,64,23,94,40,22,19,27,22,1455,2314,1935,2700,485,322,205,225,76,77,77,54,18,12,12,11,0.254002596,0.203894616,0.311416617,0.079411765,0.5,0.808411215,0.75569044,0.846153846,14547,CELL014547,0.254002596,Madagascar,TRUE,TRUE,FALSE,MPA only,199,-0.174266899,0.28266797099999996,FALSE,FALSE,FALSE,FALSE
Western Indian,Western Indian Ocean,14550,V14550,48.76,-12.18,Fished,0,0,0,0,21,2,4,0,1103,544,317,375,1160,1568,310,222,32,22,29,18,32,22,39,19,280,292,230,135,230,372,230,45,14,10,10,5,18,14,14,2,-0.025187804,0.011164274,-0.484848485,0.256281407,0.098039216,0,-0.120481928,0.5,14550,CELL014550,-0.025187804,Madagascar,TRUE,TRUE,FALSE,MPA only,199,-0.174266899,0.28266797099999996,FALSE,FALSE,FALSE,FALSE
Western Indian,Western Indian Ocean,14552,V14552,46.36,-15.62,Fished,20,26,15,0,62,84,12,3,1482,1116,565,606,1401,1636,219,222,35,19,42,24,28,20,31,18,420,568,370,180,150,300,200,15,35,21,21,9,15,11,11,1,0.028095734,0.441326531,-0.188953488,0.463768116,0.473684211,0.298245614,0.30875576,0.846153846,14552,CELL014552,0.028095734,Madagascar,FALSE,FALSE,FALSE,Unprotected,199,-0.174266899,0.28266797099999996,FALSE,FALSE,FALSE,FALSE
Western Indian,Western Indian Ocean,14554,V14554,46.28,-15.62,Fished,0,0,0,0,15,0,2,0,255,0,83,0,311,254,10,0,15,0,12,0,16,13,4,0,10,56,40,0,0,52,30,0,2,2,2,0,0,2,2,0,-0.098939929,0.784946237,-1,NA,1,0.142857143,0.037037037,NA,14554,CELL014554,-0.098939929,Madagascar,FALSE,FALSE,FALSE,Unprotected,199,-0.174266899,0.28266797099999996,FALSE,FALSE,FALSE,FALSE
Western Indian,Western Indian Ocean,14555,V14555,46.2,-15.62,Fished,0,0,0,0,219,96,0,0,1477,1290,73,12,262,96,5,0,12,9,11,4,3,1,2,0,0,106,65,0,0,0,0,0,0,4,4,0,0,0,0,0,0.698677401,0.871794872,0.861471861,1,NA,1,1,NA,14555,CELL014555,0.698677401,Madagascar,FALSE,FALSE,FALSE,Unprotected,199,-0.174266899,0.28266797099999996,FALSE,TRUE,FALSE,TRUE
Western Indian,Western Indian Ocean,14556,V14556,45.88,-15.7,Fished,0,28,20,0,21,38,1,0,2725,1868,1623,1362,1138,1254,420,657,58,36,102,55,16,9,26,19,945,2148,1620,930,780,674,585,750,61,75,75,23,22,22,22,14,0.410820606,0.588839941,0.196668802,0.349182764,0.095652174,0.469387755,0.522324592,0.107142857,14556,CELL014556,0.410820606,Madagascar,FALSE,FALSE,FALSE,Unprotected,199,-0.174266899,0.28266797099999996,FALSE,TRUE,FALSE,TRUE
Western Indian,Western Indian Ocean,14557,V14557,48.28,-13.14,Fished,25,30,25,0,267,230,63,105,2105,1510,738,672,3138,2854,751,1113,40,27,46,30,24,18,32,23,820,1186,1065,570,300,464,360,60,38,38,38,17,20,16,16,3,-0.197024604,-0.008730692,-0.307974335,-0.247058824,0.464285714,0.494736842,0.437575758,0.80952381,14557,CELL014557,-0.197024604,Madagascar,FALSE,FALSE,FALSE,Unprotected,199,-0.174266899,0.28266797099999996,TRUE,FALSE,TRUE,FALSE
Western Indian,Western Indian Ocean,14559,V14559,48.76,-12.34,Fished,0,0,0,0,13,8,4,6,945,1102,511,933,1536,2052,407,915,41,32,46,37,43,36,47,45,540,1154,935,765,570,608,420,720,31,39,39,13,32,22,22,19,-0.238210399,0.11328976,-0.301204819,0.00974026,-0.027027027,0.380073801,0.309875142,0.03030303,14559,CELL014559,-0.238210399,Madagascar,FALSE,FALSE,FALSE,Unprotected,199,-0.174266899,0.28266797099999996,TRUE,FALSE,TRUE,FALSE
Western Indian,Western Indian Ocean,14560,V14560,48.6,-12.5,Fished,15,30,25,15,99,68,15,33,2115,2030,790,1170,1187,2012,1034,3075,33,21,49,30,37,35,46,43,770,1214,1035,1110,400,928,870,1575,31,40,40,23,21,29,29,32,0.281041793,-0.13377193,0.004453241,-0.448763251,0.316239316,0.086614173,0.133520075,-0.173184358,14560,CELL014560,0.281041793,Madagascar,FALSE,FALSE,FALSE,Unprotected,199,-0.174266899,0.28266797099999996,FALSE,FALSE,FALSE,FALSE
Western Indian,Western Indian Ocean,14561,V14561,47.64,-12.34,MPA,50,26,15,15,151,194,20,60,1573,1844,601,1317,1397,1880,444,1272,43,34,49,37,25,23,29,32,585,976,840,870,1010,960,800,1185,28,32,32,23,49,32,32,27,0.059259259,0.150239234,-0.009667025,0.017381228,-0.26645768,0.024390244,0.008264463,-0.153284672,14561,CELL014561,0.059259259,France,FALSE,FALSE,FALSE,Unprotected,54,-0.31484398975,0.4384915245,FALSE,FALSE,FALSE,FALSE
Western Indian,Western Indian Ocean,14562,V14562,47.64,-12.42,MPA,0,28,20,0,142,258,14,54,1515,1598,562,885,2791,4322,765,1905,38,22,43,30,43,34,54,53,550,900,750,915,410,876,740,1050,31,30,30,19,22,29,29,27,-0.296330701,-0.152976639,-0.460135135,-0.365591398,0.145833333,0.006711409,0.013513514,-0.06870229,14562,CELL014562,-0.296330701,France,FALSE,FALSE,FALSE,Unprotected,54,-0.31484398975,0.4384915245,FALSE,FALSE,TRUE,FALSE
Western Indian,Western Indian Ocean,14563,V14563,49.64,-17.38,Fished,10,28,20,30,169,196,22,36,1788,2048,708,1425,1280,2014,839,2508,36,23,44,32,33,29,39,39,625,1128,970,1110,685,796,690,1320,36,37,37,24,23,26,26,31,0.165580183,-0.084680026,0.008370261,-0.275362319,-0.045801527,0.168674699,0.172557173,-0.086419753,14563,CELL014563,0.165580183,Madagascar,FALSE,FALSE,FALSE,Unprotected,199,-0.174266899,0.28266797099999996,FALSE,FALSE,FALSE,FALSE
Western Indian,Western Indian Ocean,14564,V14564,49.56,-17.38,Fished,10,26,15,0,18,42,5,9,1003,1028,415,633,2124,1998,1129,1926,41,32,46,34,47,35,57,44,340,990,725,570,1040,654,435,345,24,35,35,14,43,24,24,15,-0.358490566,-0.462435233,-0.320555188,-0.505275498,-0.507246377,0.25,0.204379562,0.245901639,14564,CELL014564,-0.358490566,Madagascar,FALSE,FALSE,FALSE,Unprotected,199,-0.174266899,0.28266797099999996,TRUE,FALSE,TRUE,FALSE
Western Indian,Western Indian Ocean,14565,V14565,49.48,-17.46,Fished,10,26,15,0,3,2,2,12,988,1168,465,786,740,884,315,723,39,30,45,32,30,28,42,36,475,792,630,870,845,342,205,480,28,27,27,17,44,13,13,17,0.143518519,0.192307692,0.138401559,0.041749503,-0.28030303,0.508982036,0.396825397,0.288888889,14565,CELL014565,0.143518519,Madagascar,FALSE,FALSE,FALSE,Unprotected,199,-0.174266899,0.28266797099999996,FALSE,FALSE,FALSE,FALSE
Western Indian,Western Indian Ocean,14566,V14566,49.56,-17.62,Fished,0,30,25,90,33,34,10,27,1330,1510,538,918,1277,1658,382,879,46,29,56,33,40,26,41,34,635,864,660,990,760,882,655,915,27,30,30,21,41,31,31,27,0.020329881,0.169565217,-0.046717172,0.021702838,-0.089605735,0.003802281,-0.010309278,0.039370079,14566,CELL014566,0.020329881,Madagascar,FALSE,FALSE,FALSE,Unprotected,199,-0.174266899,0.28266797099999996,FALSE,FALSE,FALSE,FALSE
Western Indian,Western Indian Ocean,14567,V14567,49.56,-17.7,Fished,0,0,0,0,12,12,0,0,212,48,39,0,425,512,43,21,16,3,6,0,18,12,9,2,0,34,35,0,0,0,0,0,0,1,1,0,0,0,0,0,-0.334379906,-0.048780488,-0.828571429,-1,NA,1,1,NA,14567,CELL014567,-0.334379906,Madagascar,FALSE,FALSE,FALSE,Unprotected,199,-0.174266899,0.28266797099999996,TRUE,FALSE,TRUE,FALSE
Western Indian,Western Indian Ocean,14568,V14568,49.64,-17.22,Fished,0,0,0,0,195,12,0,0,390,136,41,9,1041,710,150,0,11,5,6,2,14,11,5,0,50,180,150,90,0,0,0,0,3,6,6,2,0,0,0,0,-0.454926625,-0.570680628,-0.678486998,1,1,1,1,1,14568,CELL014568,-0.454926625,Madagascar,FALSE,FALSE,FALSE,Unprotected,199,-0.174266899,0.28266797099999996,TRUE,FALSE,TRUE,FALSE
Western Indian,Western Indian Ocean,14570,V14570,49.64,-17.14,Fished,0,0,0,0,0,0,0,0,58,0,17,3,275,268,29,12,8,0,5,1,17,11,13,3,25,26,15,0,5,528,320,0,3,1,1,0,1,20,20,0,-0.651651652,-0.260869565,-1,-0.6,0.666666667,-0.910447761,-0.906137184,NA,14570,CELL014570,-0.651651652,Madagascar,FALSE,FALSE,FALSE,Unprotected,199,-0.174266899,0.28266797099999996,TRUE,FALSE,TRUE,FALSE
Western Indian,Western Indian Ocean,14571,V14571,49.56,-17.22,Fished,0,0,0,0,73,18,0,0,366,118,79,9,274,144,14,6,14,6,11,3,13,11,10,2,5,112,80,0,0,428,270,30,1,4,4,0,0,16,16,2,0.14375,0.698924731,-0.099236641,0.2,1,-0.542857143,-0.585185185,-1,14571,CELL014571,0.14375,Madagascar,FALSE,FALSE,FALSE,Unprotected,199,-0.174266899,0.28266797099999996,FALSE,FALSE,FALSE,FALSE
Western Indian,Western Indian Ocean,14572,V14572,49.48,-17.94,Fished,0,0,0,0,15,0,0,0,41,0,32,3,499,324,84,6,9,0,6,1,19,13,9,2,5,82,55,15,15,52,30,0,1,3,3,1,2,2,2,0,-0.848148148,-0.448275862,-1,-0.333333333,-0.5,0.294117647,0.223880597,1,14572,CELL014572,-0.848148148,Madagascar,FALSE,FALSE,FALSE,Unprotected,199,-0.174266899,0.28266797099999996,TRUE,FALSE,TRUE,FALSE
Western Indian,Western Indian Ocean,14574,V14574,46.12,-15.62,Fished,0,0,0,0,0,0,0,0,180,190,57,72,361,158,20,45,21,14,9,6,26,13,12,13,30,186,165,60,5,316,190,165,4,6,6,3,1,12,12,8,-0.334565619,0.480519481,0.091954023,0.230769231,0.714285714,-0.070422535,-0.258964143,-0.466666667,14574,CELL014574,-0.334565619,Madagascar,FALSE,FALSE,FALSE,Unprotected,199,-0.174266899,0.28266797099999996,TRUE,FALSE,TRUE,FALSE
Western Indian,Western Indian Ocean,14575,V14575,49.56,-18.02,Fished,0,0,0,0,43,0,0,0,452,250,97,114,154,66,2,9,24,16,22,14,7,2,2,2,25,286,215,30,0,0,0,15,4,10,10,2,0,0,0,1,0.491749175,0.95959596,0.582278481,0.853658537,1,1,1,0.333333333,14575,CELL014575,0.491749175,Madagascar,FALSE,FALSE,FALSE,Unprotected,199,-0.174266899,0.28266797099999996,FALSE,TRUE,FALSE,TRUE
Western Indian,Western Indian Ocean,14577,V14577,44.2,-25.22,Fished,0,0,0,0,85,64,0,0,403,326,88,150,315,370,1,18,22,20,14,13,14,8,1,5,70,292,230,30,0,54,35,75,7,10,10,2,0,2,2,4,0.122562674,0.97752809,-0.063218391,0.785714286,1,0.735849057,0.687861272,-0.428571429,14577,CELL014577,0.122562674,Madagascar,TRUE,TRUE,FALSE,MPA only,199,-0.174266899,0.28266797099999996,FALSE,FALSE,FALSE,FALSE
Western Indian,Western Indian Ocean,14578,V14578,44.92,-25.46,Fished,0,0,0,0,54,102,0,0,756,636,104,141,61,108,0,0,35,23,20,18,2,3,0,0,90,270,175,75,0,0,0,0,8,10,10,3,0,0,0,0,0.850673195,1,0.709677419,1,1,1,1,1,14578,CELL014578,0.850673195,Madagascar,FALSE,FALSE,FALSE,Unprotected,199,-0.174266899,0.28266797099999996,FALSE,TRUE,FALSE,TRUE
Western Indian,Western Indian Ocean,14580,V14580,49.88,-17.14,Fished,0,0,0,15,52,0,5,6,1026,1262,357,723,1516,1276,250,624,53,34,55,33,37,35,38,38,245,872,580,495,70,496,340,195,22,32,32,17,12,18,18,9,-0.192761605,0.176276771,-0.005516154,0.073496659,0.555555556,0.260869565,0.274853801,0.434782609,14580,CELL014580,-0.192761605,Madagascar,FALSE,FALSE,FALSE,Unprotected,199,-0.174266899,0.28266797099999996,TRUE,FALSE,TRUE,FALSE
Western Indian,Western Indian Ocean,14581,V14581,43.8,-20.82,Fished,0,0,0,0,70,54,2,12,745,1024,265,552,1663,1360,280,630,38,24,39,30,39,42,39,37,70,532,330,150,335,670,525,915,9,20,20,7,28,23,23,28,-0.381229236,-0.027522936,-0.140939597,-0.065989848,-0.654320988,-0.228070175,-0.114808652,-0.718309859,14581,CELL014581,-0.381229236,Madagascar,TRUE,TRUE,FALSE,MPA only,199,-0.174266899,0.28266797099999996,TRUE,FALSE,TRUE,FALSE
Western Indian,Western Indian Ocean,14583,V14583,44.12,-20.42,Fished,5,0,0,0,195,234,29,93,1469,1442,501,1068,1822,2324,344,951,38,25,50,38,24,20,30,30,595,966,715,945,615,1092,1330,3480,38,34,34,22,29,28,28,31,-0.10726223,0.185798817,-0.234200743,0.05794948,-0.016528926,-0.300733496,-0.06122449,-0.572881356,14583,CELL014583,-0.10726223,Madagascar,FALSE,FALSE,FALSE,Unprotected,199,-0.174266899,0.28266797099999996,FALSE,FALSE,FALSE,FALSE
Western Indian,Western Indian Ocean,14584,V14584,43.88,-20.74,Fished,5,0,0,0,97,50,12,27,1068,1202,452,1047,2136,1706,392,1032,45,28,45,40,36,37,48,42,375,802,605,510,145,616,390,330,32,28,28,18,17,23,23,14,-0.333333333,0.071090047,-0.173314993,0.007215007,0.442307692,0.216080402,0.131170663,0.214285714,14584,CELL014584,-0.333333333,Madagascar,TRUE,TRUE,FALSE,MPA only,199,-0.174266899,0.28266797099999996,TRUE,FALSE,TRUE,FALSE
Western Indian,Western Indian Ocean,14585,V14585,44.04,-20.42,Fished,0,0,0,0,117,46,12,36,1544,1512,348,903,1206,990,305,828,33,27,45,40,19,18,30,28,335,914,685,600,75,508,370,465,24,32,32,20,13,18,18,20,0.122909091,0.065849923,0.208633094,0.043327556,0.634146341,0.298578199,0.285513361,0.126760563,14585,CELL014585,0.122909091,Madagascar,FALSE,FALSE,FALSE,Unprotected,199,-0.174266899,0.28266797099999996,FALSE,FALSE,FALSE,FALSE
Western Indian,Western Indian Ocean,14586,V14586,44.04,-20.5,Fished,20,38,45,45,365,456,64,228,2937,2606,782,1872,793,1164,812,2571,37,22,52,33,15,12,28,26,710,1184,860,1005,245,670,575,630,36,42,42,23,14,22,22,21,0.574798928,-0.018820577,0.382493369,-0.157326131,0.486910995,0.198606272,0.277238403,0.229357798,14586,CELL014586,0.574798928,Madagascar,FALSE,FALSE,FALSE,Unprotected,199,-0.174266899,0.28266797099999996,FALSE,TRUE,FALSE,TRUE
Western Indian,Western Indian Ocean,14587,V14587,43.8,-20.66,Fished,0,0,0,0,53,74,13,33,746,990,157,333,1107,832,318,714,33,28,32,28,36,30,41,41,55,290,175,60,160,318,195,105,5,11,11,4,21,12,12,6,-0.194819212,-0.338947368,0.086717892,-0.363896848,-0.488372093,-0.054054054,-0.046052632,-0.272727273,14587,CELL014587,-0.194819212,Madagascar,TRUE,TRUE,FALSE,MPA only,199,-0.174266899,0.28266797099999996,TRUE,FALSE,TRUE,FALSE
Western Indian,Western Indian Ocean,14589,V14589,43.88,-20.66,Fished,0,0,0,0,15,40,5,3,862,874,176,204,688,566,119,231,27,22,29,22,22,17,25,20,135,374,235,90,185,216,140,225,14,14,14,6,20,8,8,12,0.112258065,0.193220339,0.213888889,-0.062068966,-0.15625,0.253333333,0.26779661,-0.428571429,14589,CELL014589,0.112258065,Madagascar,TRUE,TRUE,FALSE,MPA only,199,-0.174266899,0.28266797099999996,FALSE,FALSE,FALSE,FALSE
Western Indian,Western Indian Ocean,14591,V14591,44.36,-25.3,Fished,0,26,15,0,52,16,26,87,1309,1346,296,636,778,970,201,606,34,24,42,32,22,23,24,21,145,718,495,300,80,584,410,285,14,26,26,14,11,21,21,14,0.254432199,0.191146881,0.162348877,0.024154589,0.288888889,0.093922652,0.102918587,0.025641026,14591,CELL014591,0.254432199,Madagascar,TRUE,TRUE,FALSE,MPA only,199,-0.174266899,0.28266797099999996,FALSE,FALSE,FALSE,FALSE
Western Indian,Western Indian Ocean,14592,V14592,44.2,-25.38,Fished,0,0,0,0,90,148,3,0,1084,1264,221,387,800,952,105,258,41,32,42,27,26,22,30,23,135,540,350,225,120,520,400,75,13,20,20,14,13,18,18,5,0.1507431,0.355828221,0.140794224,0.2,0.058823529,-0.066666667,0.018867925,0.5,14592,CELL014592,0.1507431,Madagascar,TRUE,TRUE,FALSE,MPA only,199,-0.174266899,0.28266797099999996,FALSE,FALSE,FALSE,FALSE
Western Indian,Western Indian Ocean,14593,V14593,44.04,-25.06,Fished,5,34,35,60,133,204,32,84,1069,1280,317,585,1147,1710,297,837,35,24,47,25,25,24,34,27,275,708,470,600,200,1126,1365,2790,25,26,26,21,15,29,29,28,-0.035198556,0.03257329,-0.143812709,-0.17721519,0.157894737,-0.48773842,-0.227917121,-0.646017699,14593,CELL014593,-0.035198556,Madagascar,FALSE,FALSE,FALSE,Unprotected,199,-0.174266899,0.28266797099999996,FALSE,FALSE,FALSE,FALSE
Western Indian,Western Indian Ocean,14594,V14594,44.28,-25.46,Fished,0,0,0,0,82,24,2,9,874,1076,205,456,878,606,210,465,37,25,41,38,36,31,39,35,100,406,265,240,210,1182,1205,2085,12,15,15,13,17,35,35,28,-0.002283105,-0.012048193,0.279429251,-0.009771987,-0.35483871,-0.639455782,-0.488664987,-0.793548387,14594,CELL014594,-0.002283105,Madagascar,TRUE,TRUE,FALSE,MPA only,199,-0.174266899,0.28266797099999996,FALSE,FALSE,FALSE,FALSE
Western Indian,Western Indian Ocean,14597,V14597,43.64,-23.62,Fished,5,0,0,0,96,142,16,42,1757,1684,935,1020,1667,1784,387,903,30,20,48,29,41,38,48,44,925,1322,1205,1095,200,384,260,300,39,42,42,22,21,14,14,9,0.026285047,0.414523449,-0.028835063,0.060842434,0.644444444,0.645051195,0.54982415,0.569892473,14597,CELL014597,0.026285047,Madagascar,FALSE,FALSE,FALSE,Unprotected,199,-0.174266899,0.28266797099999996,FALSE,FALSE,FALSE,FALSE
Western Indian,Western Indian Ocean,14599,V14599,43.48,-21.3,Fished,105,38,45,0,180,268,34,96,1992,2266,666,1599,970,1682,1049,3117,34,24,51,35,27,22,43,38,665,1146,915,1080,1660,1290,1325,1800,30,39,39,24,51,38,38,29,0.345037137,-0.223323615,0.147922999,-0.321882952,-0.427956989,-0.183035714,-0.0591133,-0.25,14599,CELL014599,0.345037137,Madagascar,FALSE,FALSE,FALSE,Unprotected,199,-0.174266899,0.28266797099999996,FALSE,TRUE,FALSE,TRUE
Western Indian,Western Indian Ocean,14601,V14601,43.4,-21.3,Fished,0,26,15,15,235,408,46,123,1766,2034,313,837,1057,1490,193,597,32,29,34,34,16,16,21,23,185,642,405,180,135,408,270,420,15,24,24,10,15,15,15,19,0.251151258,0.23715415,0.154370034,0.167364017,0.15625,0.2,0.222857143,-0.4,14601,CELL014601,0.251151258,Madagascar,FALSE,FALSE,FALSE,Unprotected,199,-0.174266899,0.28266797099999996,FALSE,FALSE,FALSE,FALSE
Western Indian,Western Indian Ocean,14602,V14602,43.72,-21.06,Fished,0,26,15,45,240,304,14,36,2095,2210,675,1332,785,1100,151,426,35,22,48,29,17,16,26,22,725,1170,925,840,120,572,380,450,34,40,40,20,15,21,21,18,0.454861111,0.634382567,0.335347432,0.515358362,0.715976331,0.417624521,0.343283582,0.302325581,14602,CELL014602,0.454861111,Madagascar,TRUE,TRUE,FALSE,MPA only,199,-0.174266899,0.28266797099999996,FALSE,TRUE,FALSE,TRUE
Western Indian,Western Indian Ocean,14603,V14603,43.64,-21.06,Fished,0,0,0,0,124,110,5,9,1353,1454,562,1146,1030,936,134,417,46,32,45,39,28,21,25,24,570,946,715,780,45,318,195,150,34,33,33,20,6,12,12,5,0.135543433,0.614942529,0.216736402,0.466410749,0.853658537,0.571428571,0.496835443,0.677419355,14603,CELL014603,0.135543433,Madagascar,TRUE,TRUE,FALSE,MPA only,199,-0.174266899,0.28266797099999996,FALSE,FALSE,FALSE,FALSE
Western Indian,Western Indian Ocean,14604,V14604,43.64,-21.22,Fished,0,0,0,0,116,184,3,30,1720,1740,895,1188,1353,1362,411,885,32,18,37,29,36,30,33,40,770,1098,895,1200,215,272,180,195,32,37,37,20,15,10,10,7,0.11942727,0.370597243,0.121856867,0.146164978,0.563451777,0.665116279,0.602919708,0.720430108,14604,CELL014604,0.11942727,Madagascar,FALSE,FALSE,FALSE,Unprotected,199,-0.174266899,0.28266797099999996,FALSE,FALSE,FALSE,FALSE
Western Indian,Western Indian Ocean,14605,V14605,43.72,-21.22,Fished,105,28,20,45,388,598,68,60,1436,1694,931,1032,2889,3366,881,1494,27,23,39,26,48,47,56,48,715,1174,935,750,1195,732,530,750,32,40,40,18,42,26,26,26,-0.335953757,0.027593819,-0.330434783,-0.182897862,-0.251308901,0.276450512,0.231899265,0,14605,CELL014605,-0.335953757,Madagascar,FALSE,FALSE,FALSE,Unprotected,199,-0.174266899,0.28266797099999996,TRUE,FALSE,TRUE,FALSE
Western Indian,Western Indian Ocean,14606,V14606,43.24,-21.54,Fished,0,0,0,0,218,234,5,0,1992,2186,1098,1296,959,626,240,465,30,23,43,32,7,7,11,12,850,1442,1155,1005,5,28,20,0,35,49,49,20,1,1,1,0,0.35005083,0.641255605,0.554765292,0.471890971,0.988304094,0.965957447,0.961904762,1,14606,CELL014606,0.35005083,Madagascar,FALSE,FALSE,FALSE,Unprotected,199,-0.174266899,0.28266797099999996,FALSE,TRUE,FALSE,TRUE
Western Indian,Western Indian Ocean,14607,V14607,43.24,-21.78,Fished,0,26,15,0,143,252,8,21,1195,1024,181,297,901,1502,211,486,25,24,33,23,25,18,28,22,140,244,160,90,195,558,395,720,13,9,9,6,21,20,20,22,0.140267176,-0.076530612,-0.189231987,-0.24137931,-0.164179104,-0.423423423,-0.391521197,-0.777777778,14607,CELL014607,0.140267176,Madagascar,TRUE,TRUE,TRUE,MPA-OECM overlap,199,-0.174266899,0.28266797099999996,FALSE,FALSE,FALSE,FALSE
Western Indian,Western Indian Ocean,14609,V14609,43.32,-21.54,Fished,25,0,0,0,346,328,63,3,2676,2202,1211,1467,416,404,79,66,31,19,42,33,4,3,5,7,1040,1224,1060,810,30,0,0,0,45,40,40,18,2,0,0,0,0.730918499,0.87751938,0.689946278,0.913894325,0.943925234,1,1,1,14609,CELL014609,0.730918499,Madagascar,FALSE,FALSE,FALSE,Unprotected,199,-0.174266899,0.28266797099999996,FALSE,TRUE,FALSE,TRUE
Western Indian,Western Indian Ocean,14610,V14610,43.4,-21.46,Fished,15,0,0,0,51,44,14,51,624,912,138,270,836,864,269,663,25,19,27,18,34,21,32,22,115,316,190,135,70,52,30,105,9,12,12,7,10,2,2,6,-0.145205479,-0.321867322,0.027027027,-0.421221865,0.243243243,0.727272727,0.717391304,0.125,14610,CELL014610,-0.145205479,Madagascar,FALSE,FALSE,FALSE,Unprotected,199,-0.174266899,0.28266797099999996,FALSE,FALSE,FALSE,FALSE
Western Indian,Western Indian Ocean,14611,V14611,43.32,-21.46,Fished,0,0,0,0,96,150,5,3,627,726,151,261,1620,1760,263,414,27,19,26,23,35,22,39,24,120,256,190,75,210,348,220,270,9,9,9,5,24,13,13,13,-0.441922563,-0.270531401,-0.415929204,-0.226666667,-0.272727273,-0.073170732,-0.152317881,-0.565217391,14611,CELL014611,-0.441922563,Madagascar,FALSE,FALSE,FALSE,Unprotected,199,-0.174266899,0.28266797099999996,TRUE,FALSE,TRUE,FALSE
Western Indian,Western Indian Ocean,14612,V14612,44.2,-20.1,Fished,20,46,65,0,281,370,23,51,3315,2688,1208,1335,1447,1530,208,231,31,23,47,34,12,8,18,10,935,1482,1355,1065,465,1610,1625,225,42,47,47,18,26,48,48,8,0.392272155,0.706214689,0.274537696,0.704980843,0.335714286,-0.090604027,-0.041397154,0.651162791,14612,CELL014612,0.392272155,Madagascar,FALSE,FALSE,FALSE,Unprotected,199,-0.174266899,0.28266797099999996,FALSE,TRUE,FALSE,TRUE
Western Indian,Western Indian Ocean,14613,V14613,43.96,-20.66,Fished,30,30,25,0,208,240,5,0,2344,1972,803,1017,2137,2084,528,714,39,21,58,28,38,29,56,25,745,1276,990,240,590,1658,1295,315,44,44,44,9,41,57,57,15,0.046195046,0.20661157,-0.027613412,0.175043328,0.116104869,-0.133479212,-0.130197682,-0.135135135,14613,CELL014613,0.046195046,Madagascar,FALSE,FALSE,FALSE,Unprotected,199,-0.174266899,0.28266797099999996,FALSE,FALSE,FALSE,FALSE
Western Indian,Western Indian Ocean,14614,V14614,43.32,-21.7,Fished,5,0,0,0,24,0,14,0,472,402,450,651,563,340,913,843,52,22,60,33,128,52,161,95,490,984,760,360,800,1886,1215,420,43,34,34,13,81,70,70,21,-0.087922705,-0.339691856,0.083557951,-0.128514056,-0.240310078,-0.230379747,-0.314285714,-0.076923077,14614,CELL014614,-0.087922705,Madagascar,TRUE,FALSE,TRUE,OECM only,199,-0.174266899,0.28266797099999996,FALSE,FALSE,FALSE,FALSE
Western Indian,Western Indian Ocean,14616,V14616,43.64,-21.14,Fished,20,30,25,15,481,616,123,99,2830,2394,1166,1236,3799,5290,1816,1758,36,20,63,34,57,28,66,39,970,1532,1330,930,2095,1650,1725,2280,43,50,50,17,65,48,48,34,-0.146175894,-0.217974514,-0.376887038,-0.174348697,-0.367047308,-0.129296236,-0.037083595,-0.420560748,14616,CELL014616,-0.146175894,Madagascar,TRUE,TRUE,FALSE,MPA only,199,-0.174266899,0.28266797099999996,FALSE,FALSE,FALSE,FALSE
Western Indian,Western Indian Ocean,14617,V14617,44.28,-19.86,Fished,40,26,15,0,342,330,159,234,2461,2244,989,1119,4946,4566,3522,3480,40,22,59,31,77,68,93,44,815,1224,1010,885,2350,2124,2060,795,43,41,41,16,74,65,65,22,-0.335493452,-0.561516294,-0.340969163,-0.513372472,-0.484992101,-0.342019544,-0.268817204,0.053571429,14617,CELL014617,-0.335493452,Madagascar,FALSE,FALSE,FALSE,Unprotected,199,-0.174266899,0.28266797099999996,TRUE,FALSE,TRUE,FALSE
Western Indian,Western Indian Ocean,14618,V14618,44.2,-19.86,Fished,5,34,35,0,136,116,12,3,2320,1872,844,888,2174,2076,457,261,38,18,63,22,56,36,63,32,635,1530,1125,450,700,1858,1595,1410,43,54,54,13,51,61,61,22,0.032487761,0.29746349,-0.051671733,0.545691906,-0.048689139,-0.172794118,-0.096812279,-0.516129032,14618,CELL014618,0.032487761,Madagascar,FALSE,FALSE,FALSE,Unprotected,199,-0.174266899,0.28266797099999996,FALSE,FALSE,FALSE,FALSE
Western Indian,Western Indian Ocean,14619,V14619,44.36,-19.94,Fished,20,30,25,0,206,190,15,27,3184,2680,1212,1326,1369,1454,213,216,30,23,51,36,24,13,28,12,830,1218,1145,1020,825,1106,865,675,41,38,38,18,39,38,38,8,0.39863826,0.701052632,0.29656507,0.719844358,0.003021148,0.139303483,0.048192771,0.203539823,14619,CELL014619,0.39863826,Madagascar,FALSE,FALSE,FALSE,Unprotected,199,-0.174266899,0.28266797099999996,FALSE,TRUE,FALSE,TRUE
Western Indian,Western Indian Ocean,14620,V14620,43.24,-21.86,Fished,0,0,0,15,240,344,19,18,1880,1658,724,558,1545,1920,393,690,44,29,59,29,25,16,27,17,865,1284,1110,585,185,352,230,240,37,42,42,12,17,13,13,12,0.097810219,0.296329454,-0.073225266,-0.105769231,0.647619048,0.656716418,0.569682152,0.418181818,14620,CELL014620,0.097810219,Madagascar,TRUE,TRUE,FALSE,MPA only,199,-0.174266899,0.28266797099999996,FALSE,FALSE,FALSE,FALSE
Western Indian,Western Indian Ocean,14621,V14621,44.36,-20.1,Fished,0,0,0,0,227,180,11,15,1696,1434,621,639,1162,1048,215,426,46,22,52,32,27,16,23,18,930,974,985,585,65,508,370,195,36,29,29,11,9,18,18,9,0.186843947,0.485645933,0.155519742,0.2,0.869346734,0.453874539,0.314439946,0.5,14621,CELL014621,0.186843947,Madagascar,FALSE,FALSE,FALSE,Unprotected,199,-0.174266899,0.28266797099999996,FALSE,FALSE,FALSE,FALSE
Western Indian,Western Indian Ocean,14622,V14622,43.16,-22.1,Fished,0,34,35,30,103,200,26,69,1887,1580,705,747,1004,1378,548,1119,45,27,49,36,23,14,28,24,820,1154,1085,855,355,448,320,465,30,36,36,18,24,16,16,14,0.305430647,0.125299282,0.068289385,-0.199356913,0.395744681,0.544483986,0.440699126,0.295454545,14622,CELL014622,0.305430647,Madagascar,TRUE,TRUE,FALSE,MPA only,199,-0.174266899,0.28266797099999996,FALSE,TRUE,FALSE,TRUE
Western Indian,Western Indian Ocean,14624,V14624,43.96,-18.34,Fished,0,0,0,30,146,82,1,0,625,738,131,210,867,1048,102,186,25,12,27,13,23,24,31,20,85,448,270,165,65,78,45,240,9,17,17,10,10,3,3,10,-0.162198391,0.124463519,-0.173572228,0.060606061,0.133333333,0.714285714,0.703422053,-0.185185185,14624,CELL014624,-0.162198391,Madagascar,FALSE,FALSE,FALSE,Unprotected,199,-0.174266899,0.28266797099999996,FALSE,FALSE,FALSE,FALSE
Western Indian,Western Indian Ocean,14625,V14625,43.8,-18.18,Fished,40,40,50,15,317,506,15,6,2037,1754,715,597,3121,2088,1256,1206,40,28,49,37,24,18,32,23,920,1180,1200,945,705,544,460,270,39,35,35,16,26,18,18,8,-0.210158976,-0.274479959,-0.086933889,-0.337770383,0.132307692,0.445783133,0.368909513,0.555555556,14625,CELL014625,-0.210158976,Madagascar,FALSE,FALSE,FALSE,Unprotected,199,-0.174266899,0.28266797099999996,TRUE,FALSE,TRUE,FALSE
Western Indian,Western Indian Ocean,14626,V14626,43,-18.82,Fished,40,26,15,0,297,246,77,42,2093,1508,802,771,3743,2994,1085,906,45,26,51,30,26,20,28,20,795,1068,970,735,760,698,645,495,42,34,34,19,26,22,22,7,-0.282727896,-0.149973503,-0.330075522,-0.080500894,0.022508039,0.20123839,0.209513024,0.195121951,14626,CELL014626,-0.282727896,Madagascar,FALSE,FALSE,FALSE,Unprotected,199,-0.174266899,0.28266797099999996,TRUE,FALSE,TRUE,FALSE
Western Indian,Western Indian Ocean,14627,V14627,43.96,-18.58,Fished,0,0,0,0,66,40,55,186,2696,2656,1509,2235,1582,2010,708,2064,79,27,98,35,27,22,42,40,2235,2472,2430,3435,465,970,875,1500,77,75,75,32,29,31,31,29,0.260402057,0.361299053,0.13844835,0.039776692,0.655555556,0.470499244,0.436374201,0.392097264,14627,CELL014627,0.260402057,Madagascar,FALSE,FALSE,FALSE,Unprotected,199,-0.174266899,0.28266797099999996,FALSE,FALSE,FALSE,FALSE
Western Indian,Western Indian Ocean,14628,V14628,43.88,-18.58,Fished,0,26,15,0,175,176,79,261,2861,2866,1410,2421,874,1310,780,2355,63,18,82,29,17,18,25,22,2125,2088,2270,3360,370,614,435,990,57,59,59,37,26,22,22,27,0.531994645,0.287671233,0.372605364,0.013819095,0.703406814,0.678373383,0.545521836,0.544827586,14628,CELL014628,0.531994645,Madagascar,FALSE,FALSE,FALSE,Unprotected,199,-0.174266899,0.28266797099999996,FALSE,TRUE,FALSE,TRUE
Western Indian,Western Indian Ocean,14629,V14629,43.8,-18.26,Fished,0,30,25,15,2,4,23,54,1690,2354,953,1980,581,774,460,1245,87,42,118,59,15,16,20,20,1465,2492,2030,2760,175,474,385,540,84,84,84,40,11,16,16,16,0.488331132,0.348903043,0.50511509,0.227906977,0.786585366,0.68115942,0.680377613,0.672727273,14629,CELL014629,0.488331132,Madagascar,FALSE,FALSE,FALSE,Unprotected,199,-0.174266899,0.28266797099999996,FALSE,TRUE,FALSE,TRUE
Western Indian,Western Indian Ocean,14630,V14630,43.96,-18.42,Fished,0,0,0,0,52,60,67,186,2836,2898,1399,2151,1483,2166,796,2445,73,18,101,37,18,20,34,34,2105,2426,2415,3360,275,778,695,1140,86,73,73,32,23,25,25,28,0.31326696,0.274715262,0.144549763,-0.063968668,0.768907563,0.553054662,0.514357054,0.493333333,14630,CELL014630,0.31326696,Madagascar,FALSE,FALSE,FALSE,Unprotected,199,-0.174266899,0.28266797099999996,FALSE,TRUE,FALSE,TRUE
Western Indian,Western Indian Ocean,14631,V14631,50.04,-16.98,Fished,190,72,130,180,787,930,162,360,3124,2922,1551,2415,1849,2834,1349,2919,40,9,76,19,13,14,29,29,2265,2274,2635,3870,2015,1742,2005,3405,50,61,61,37,44,47,47,38,0.256384476,0.069655172,0.015288395,-0.094488189,0.058411215,0.135775862,0.13247012,0.063917526,14631,CELL014631,0.25638447599999997,Madagascar,FALSE,FALSE,FALSE,Unprotected,199,-0.174266899,0.28266797099999996,FALSE,FALSE,FALSE,FALSE
Western Indian,Western Indian Ocean,14632,V14632,50.04,-17.06,Fished,0,0,0,0,209,94,25,78,2767,2884,1513,2094,1600,2106,386,1101,72,22,90,30,13,14,30,28,2180,2520,2500,3105,615,622,505,765,87,76,76,31,28,21,21,19,0.267231509,0.593470247,0.155911824,0.310798122,0.559928444,0.663893511,0.604073838,0.604651163,14632,CELL014632,0.267231509,Madagascar,FALSE,FALSE,FALSE,Unprotected,199,-0.174266899,0.28266797099999996,FALSE,FALSE,FALSE,FALSE
Western Indian,Western Indian Ocean,14633,V14633,50.12,-16.9,Fished,5,26,15,0,143,194,17,48,2060,2304,742,1347,1100,946,257,351,38,25,46,26,20,15,24,15,860,1408,1220,1350,145,600,400,90,43,46,46,30,17,22,22,4,0.303797468,0.485485485,0.417846154,0.586572438,0.711442786,0.50617284,0.402390438,0.875,14633,CELL014633,0.303797468,Madagascar,FALSE,FALSE,FALSE,Unprotected,199,-0.174266899,0.28266797099999996,FALSE,TRUE,FALSE,FALSE
Western Indian,Western Indian Ocean,14634,V14634,43.16,-22.26,Fished,0,0,0,0,290,348,19,81,2188,2528,681,1362,2538,1454,439,375,30,24,45,24,25,16,26,14,945,1250,1125,1545,220,552,430,105,43,40,40,21,21,19,19,4,-0.0740584,0.216071429,0.269713712,0.568221071,0.622317597,0.446945338,0.387347392,0.872727273,14634,CELL014634,-0.0740584,Madagascar,TRUE,TRUE,TRUE,MPA-OECM overlap,199,-0.174266899,0.28266797099999996,FALSE,FALSE,FALSE,FALSE
Western Indian,Western Indian Ocean,14635,V14635,50.04,-16.82,Fished,20,26,15,15,240,264,77,168,1510,1576,698,1197,2093,1800,646,741,35,21,58,26,19,15,27,16,760,1248,1120,1275,325,596,490,135,47,40,40,26,17,20,20,7,-0.161809603,0.038690476,-0.066350711,0.235294118,0.400921659,0.391304348,0.353579176,0.808510638,14635,CELL014635,-0.161809603,Madagascar,FALSE,FALSE,FALSE,Unprotected,199,-0.174266899,0.28266797099999996,FALSE,FALSE,FALSE,FALSE
Western Indian,Western Indian Ocean,14636,V14636,49.96,-17.06,Fished,5,30,25,15,241,230,27,84,1369,1638,639,1065,1991,1846,473,735,51,23,59,27,25,14,32,32,720,1332,1030,1065,185,792,580,420,45,46,46,25,20,28,28,19,-0.185119048,0.149280576,-0.059701493,0.183333333,0.591160221,0.279503106,0.254237288,0.434343434,14636,CELL014636,-0.185119048,Madagascar,FALSE,FALSE,FALSE,Unprotected,199,-0.174266899,0.28266797099999996,TRUE,FALSE,TRUE,FALSE
Western Indian,Western Indian Ocean,14637,V14637,47.56,-14.5,Fished,15,36,40,0,249,242,40,63,1025,1198,545,1023,2414,1696,1420,1830,51,31,53,37,56,32,83,48,590,1098,945,810,575,1492,1130,330,39,36,36,23,47,52,52,18,-0.403896482,-0.445292621,-0.172080166,-0.282860147,0.012875536,-0.089156627,-0.152123552,0.421052632,14637,CELL014637,-0.403896482,Madagascar,FALSE,FALSE,FALSE,Unprotected,199,-0.174266899,0.28266797099999996,TRUE,FALSE,TRUE,FALSE
Western Indian,Western Indian Ocean,14638,V14638,47.56,-14.58,Fished,35,32,30,0,281,258,11,24,2941,2496,982,1080,2052,2012,327,516,38,23,59,40,25,19,28,19,800,1088,920,555,600,1556,1290,270,43,36,36,18,41,52,52,9,0.178049269,0.500381971,0.107364685,0.353383459,0.142857143,-0.167420814,-0.177004539,0.345454545,14638,CELL014638,0.178049269,Madagascar,FALSE,FALSE,FALSE,Unprotected,199,-0.174266899,0.28266797099999996,FALSE,FALSE,FALSE,FALSE
Western Indian,Western Indian Ocean,14639,V14639,46.92,-15.14,Fished,5,0,0,0,254,264,18,48,1657,1852,705,1410,2810,1470,723,657,40,23,57,27,37,22,39,28,775,1408,1270,1680,305,870,575,150,44,45,45,21,26,32,32,10,-0.258115066,-0.012605042,0.114990969,0.364296081,0.435185185,0.376693767,0.236172081,0.836065574,14639,CELL014639,-0.258115066,Madagascar,FALSE,FALSE,FALSE,Unprotected,199,-0.174266899,0.28266797099999996,TRUE,FALSE,TRUE,FALSE
Western Indian,Western Indian Ocean,14640,V14640,47.72,-14.26,Fished,5,26,15,0,124,168,65,186,1560,1770,665,1377,1461,1294,796,1581,51,26,59,26,40,20,43,37,800,1406,1165,1245,205,544,360,225,47,47,47,23,27,20,20,9,0.032770606,-0.089664613,0.15535248,-0.068965517,0.592039801,0.527868852,0.442051282,0.693877551,14640,CELL014640,0.032770606,Madagascar,FALSE,FALSE,FALSE,Unprotected,199,-0.174266899,0.28266797099999996,FALSE,FALSE,FALSE,FALSE
Western Indian,Western Indian Ocean,14641,V14641,47.8,-14.18,Fished,20,52,80,0,251,432,46,24,2913,2588,853,1299,1727,1954,789,1197,45,22,68,40,24,15,26,17,1005,1336,1190,1155,420,596,490,360,50,43,43,15,24,20,20,7,0.255603448,0.038976857,0.139586085,0.040865385,0.410526316,0.416666667,0.383022774,0.524752475,14641,CELL014641,0.255603448,Madagascar,TRUE,TRUE,FALSE,MPA only,199,-0.174266899,0.28266797099999996,FALSE,FALSE,FALSE,FALSE
Western Indian,Western Indian Ocean,14642,V14642,47.64,-14.42,Fished,0,26,15,0,133,226,20,45,3076,2780,852,1179,1729,1164,295,303,35,23,54,36,21,15,20,17,915,1258,1145,855,400,1182,905,90,50,40,40,14,30,41,41,3,0.280332986,0.485614647,0.409736308,0.591093117,0.391634981,0.117073171,0.031147541,0.80952381,14642,CELL014642,0.280332986,Madagascar,FALSE,FALSE,FALSE,Unprotected,199,-0.174266899,0.28266797099999996,FALSE,FALSE,FALSE,FALSE
Western Indian,Western Indian Ocean,14643,V14643,43.8,-17.46,Fished,75,0,0,0,121,224,23,39,1095,1090,473,591,650,644,256,189,51,12,66,18,18,15,20,10,515,1210,925,345,335,396,290,60,49,42,42,10,15,14,14,2,0.255014327,0.297668038,0.257208766,0.515384615,0.211764706,0.522633745,0.506849315,0.703703704,14643,CELL014643,0.255014327,Madagascar,FALSE,FALSE,FALSE,Unprotected,199,-0.174266899,0.28266797099999996,FALSE,FALSE,FALSE,FALSE
Western Indian,Western Indian Ocean,14645,V14645,43.88,-17.3,Fished,0,0,0,0,136,214,0,3,678,802,414,609,513,702,221,369,73,23,90,36,13,10,15,9,700,1470,1075,720,40,108,70,0,58,52,52,22,5,4,4,0,0.138539043,0.303937008,0.066489362,0.245398773,0.891891892,0.877729258,0.863117871,1,14645,CELL014645,0.138539043,Madagascar,FALSE,FALSE,FALSE,Unprotected,199,-0.174266899,0.28266797099999996,FALSE,FALSE,FALSE,FALSE
Western Indian,Western Indian Ocean,14647,V14647,43.64,-17.38,Fished,100,0,0,15,264,314,108,273,2673,2606,1444,2220,3444,3858,1578,4104,72,30,97,40,28,27,44,40,2180,2442,2455,3300,1715,1774,1585,3930,83,73,73,34,49,57,57,52,-0.126042178,-0.044341496,-0.193688119,-0.297912713,0.119383825,0.215346535,0.158444023,-0.087136929,14647,CELL014647,-0.126042178,Madagascar,FALSE,FALSE,FALSE,Unprotected,199,-0.174266899,0.28266797099999996,FALSE,FALSE,FALSE,FALSE
Western Indian,Western Indian Ocean,14648,V14648,43.88,-18.26,Fished,0,0,0,0,361,300,9,6,2080,1818,1067,1245,1951,1468,272,222,81,43,110,54,13,10,14,10,975,2450,1625,795,10,26,15,15,80,90,90,29,1,1,1,1,0.032001985,0.593726662,0.106512477,0.697341513,0.979695431,0.981707317,0.978998384,0.962962963,14648,CELL014648,0.032001985,Madagascar,FALSE,FALSE,FALSE,Unprotected,199,-0.174266899,0.28266797099999996,FALSE,FALSE,FALSE,FALSE
Western Indian,Western Indian Ocean,14649,V14649,43.72,-17.54,Fished,5,0,0,0,229,332,41,117,1705,2404,1053,2196,1852,3102,704,2151,68,40,97,49,27,22,33,27,1465,2232,1930,3180,385,288,220,435,61,73,73,49,13,10,10,10,-0.041326961,0.198634035,-0.126770795,0.010351967,0.583783784,0.795348837,0.771428571,0.7593361,14649,CELL014649,-0.041326961,Madagascar,FALSE,FALSE,FALSE,Unprotected,199,-0.174266899,0.28266797099999996,FALSE,FALSE,FALSE,FALSE
Western Indian,Western Indian Ocean,14650,V14650,43.72,-17.46,Fished,0,0,0,0,67,124,7,12,1865,1954,1015,1170,1508,1230,280,222,76,51,108,46,20,15,23,9,890,2114,1485,1005,150,338,245,180,64,76,76,27,16,12,12,10,0.105840498,0.567567568,0.227386935,0.681034483,0.711538462,0.716763006,0.724306688,0.696202532,14650,CELL014650,0.105840498,Madagascar,FALSE,FALSE,FALSE,Unprotected,199,-0.174266899,0.28266797099999996,FALSE,FALSE,FALSE,FALSE
Western Indian,Western Indian Ocean,14651,V14651,43.88,-18.02,Fished,85,28,20,60,153,294,37,96,1783,2504,1077,2067,629,1130,485,1380,92,35,114,44,17,15,19,15,1565,2802,2305,3195,300,464,360,390,78,94,94,47,14,16,16,12,0.478441128,0.37900128,0.378095762,0.199303742,0.678284182,0.729831144,0.71586038,0.782426778,14651,CELL014651,0.478441128,Madagascar,FALSE,FALSE,FALSE,Unprotected,199,-0.174266899,0.28266797099999996,FALSE,TRUE,FALSE,TRUE
Western Indian,Western Indian Ocean,14652,V14652,43.88,-18.1,Fished,10,28,20,75,88,138,48,156,2122,2484,1032,1938,446,680,322,927,75,37,119,61,13,16,19,18,1420,2410,1975,2625,490,416,340,615,73,81,81,47,21,14,14,16,0.652647975,0.52437223,0.570164349,0.352879581,0.486910995,0.706263499,0.705590941,0.62037037,14652,CELL014652,0.652647975,Madagascar,FALSE,FALSE,FALSE,Unprotected,199,-0.174266899,0.28266797099999996,FALSE,TRUE,FALSE,TRUE
Western Indian,Western Indian Ocean,14653,V14653,44.12,-16.9,Fished,0,0,0,0,45,106,0,0,1590,2166,990,1818,2051,3292,858,1989,91,51,122,67,34,35,40,42,1225,2622,2055,2385,715,540,450,750,71,90,90,39,16,18,18,13,-0.126613568,0.071428571,-0.206302675,-0.044917258,0.262886598,0.640718563,0.658444023,0.5215311,14653,CELL014653,-0.126613568,Madagascar,FALSE,FALSE,FALSE,Unprotected,199,-0.174266899,0.28266797099999996,FALSE,FALSE,FALSE,FALSE
Western Indian,Western Indian Ocean,14654,V14654,44.28,-16.26,Fished,0,0,0,30,49,94,1,0,1811,2416,1104,1974,1917,2778,585,1401,94,54,120,54,35,36,47,32,1285,2500,2050,2700,750,392,330,780,79,84,84,41,18,13,13,19,-0.028433476,0.307282416,-0.069695803,0.169777778,0.262899263,0.722689076,0.728907331,0.551724138,14654,CELL014654,-0.028433476,Madagascar,FALSE,FALSE,FALSE,Unprotected,199,-0.174266899,0.28266797099999996,FALSE,FALSE,FALSE,FALSE
Western Indian,Western Indian Ocean,14655,V14655,47.72,-14.18,MPA,0,0,0,0,56,68,10,18,2516,2440,1410,1962,1788,2554,437,1077,84,36,109,47,26,26,40,37,2020,2850,2575,2895,370,744,610,840,81,91,91,37,24,25,25,25,0.169144981,0.526800217,-0.022827393,0.291214215,0.690376569,0.616954474,0.585976628,0.550200803,14655,CELL014655,0.169144981,Madagascar,TRUE,TRUE,FALSE,MPA only,199,-0.174266899,0.28266797099999996,FALSE,FALSE,FALSE,FALSE
Western Indian,Western Indian Ocean,14656,V14656,48.36,-13.14,Fished,105,28,20,15,192,138,2,9,2322,2776,1216,2115,492,538,145,441,77,39,94,48,21,19,22,22,1790,2192,2130,3555,560,298,195,690,71,67,67,49,21,11,11,18,0.650319829,0.786921381,0.675316838,0.654929577,0.523404255,0.832258065,0.76064257,0.674911661,14656,CELL014656,0.650319829,Madagascar,FALSE,FALSE,FALSE,Unprotected,199,-0.174266899,0.28266797099999996,FALSE,TRUE,FALSE,TRUE
Western Indian,Western Indian Ocean,14657,V14657,46.68,-15.3,Fished,25,26,15,0,228,220,41,21,1248,1872,954,2088,2158,1462,588,603,75,23,108,40,36,26,49,33,1330,2804,2210,2850,455,800,550,195,79,96,96,56,29,29,29,9,-0.267175573,0.237354086,0.122975405,0.551839465,0.490196078,0.601449275,0.556048835,0.871921182,14657,CELL014657,-0.267175573,Madagascar,FALSE,FALSE,FALSE,Unprotected,199,-0.174266899,0.28266797099999996,TRUE,FALSE,TRUE,FALSE
Western Indian,Western Indian Ocean,14658,V14658,48.2,-13.22,Fished,5,0,0,0,111,120,8,9,2478,2426,1438,1911,2301,2646,572,1500,104,38,116,44,41,34,59,48,1875,3064,2660,3120,825,966,1015,2010,96,100,100,31,36,28,28,24,0.037037037,0.430845771,-0.043375394,0.120492524,0.388888889,0.447619048,0.520595533,0.216374269,14658,CELL014658,0.037037037,Madagascar,FALSE,FALSE,FALSE,Unprotected,199,-0.174266899,0.28266797099999996,FALSE,FALSE,FALSE,FALSE
Western Indian,Western Indian Ocean,14659,V14659,46.84,-15.22,Fished,0,0,0,0,57,110,3,6,2205,2114,1272,1752,1945,2388,544,1020,93,35,118,36,47,36,65,48,1885,2938,2395,2445,520,978,845,1380,104,99,99,27,39,32,32,24,0.062650602,0.400881057,-0.060861839,0.264069264,0.567567568,0.478395062,0.500510725,0.278431373,14659,CELL014659,0.062650602,Madagascar,FALSE,FALSE,FALSE,Unprotected,199,-0.174266899,0.28266797099999996,FALSE,FALSE,FALSE,FALSE
Western Indian,Western Indian Ocean,14660,V14660,47.08,-15.06,Fished,0,0,0,0,83,6,1,0,1395,1686,872,1470,2727,3094,723,1419,94,56,130,52,59,44,72,43,1210,2540,1950,2040,860,928,720,1605,81,88,88,34,39,32,32,16,-0.323144105,0.093416928,-0.294560669,0.017653167,0.169082126,0.460674157,0.464821223,0.119341564,14660,CELL014660,-0.323144105,Madagascar,FALSE,FALSE,FALSE,Unprotected,199,-0.174266899,0.28266797099999996,TRUE,FALSE,TRUE,FALSE
Western Indian,Western Indian Ocean,14661,V14661,46.92,-15.06,Fished,0,0,0,0,161,128,0,0,1584,1798,952,1596,2503,3326,642,1572,102,53,138,57,55,44,64,48,1205,2318,1795,2100,1290,902,855,2310,92,80,80,37,34,28,28,24,-0.22485931,0.194479297,-0.298204528,0.007575758,-0.034068136,0.354716981,0.439751553,-0.047619048,14661,CELL014661,-0.22485931,Madagascar,FALSE,FALSE,FALSE,Unprotected,199,-0.174266899,0.28266797099999996,TRUE,FALSE,TRUE,FALSE
Western Indian,Western Indian Ocean,14662,V14662,47.08,-14.98,Fished,10,0,0,0,314,558,59,123,880,1024,420,387,376,700,75,174,58,7,74,13,5,6,5,5,505,1454,1085,270,25,0,0,30,41,51,51,6,2,0,0,1,0.401273885,0.696969697,0.187935035,0.379679144,0.905660377,1,1,0.8,14662,CELL014662,0.401273885,Madagascar,FALSE,FALSE,FALSE,Unprotected,199,-0.174266899,0.28266797099999996,FALSE,TRUE,FALSE,TRUE
Western Indian,Western Indian Ocean,14663,V14663,47.64,-14.34,Fished,0,0,0,0,25,50,0,0,1688,1312,961,561,869,442,715,285,115,52,140,58,25,15,27,20,645,2210,1425,240,515,712,530,180,84,82,82,12,26,25,25,10,0.320297223,0.146778043,0.496009122,0.326241135,0.112068966,0.457800512,0.51266256,0.142857143,14663,CELL014663,0.320297223,Madagascar,FALSE,FALSE,FALSE,Unprotected,199,-0.174266899,0.28266797099999996,FALSE,TRUE,FALSE,TRUE
Western Indian,Western Indian Ocean,14664,V14664,47.24,-14.9,Fished,0,0,0,15,73,114,1,0,580,470,113,171,991,584,104,351,20,13,20,14,23,18,16,15,30,394,235,150,0,160,100,120,5,15,15,8,0,6,6,8,-0.261616805,0.041474654,-0.108159393,-0.344827586,1,0.402985075,0.422382671,0.111111111,14664,CELL014664,-0.261616805,Madagascar,FALSE,FALSE,FALSE,Unprotected,199,-0.174266899,0.28266797099999996,TRUE,FALSE,TRUE,FALSE
Western Indian,Western Indian Ocean,14667,V14667,47.64,-14.26,Fished,25,0,0,15,431,576,148,378,1230,1686,895,1686,1409,2062,680,1656,68,22,83,35,30,21,37,32,1125,1694,1385,2085,390,412,330,645,57,57,57,44,21,14,14,12,-0.067828723,0.136507937,-0.100320171,0.008976661,0.485148515,0.61516035,0.608736942,0.527472527,14667,CELL014667,-0.067828723,Madagascar,FALSE,FALSE,FALSE,Unprotected,199,-0.174266899,0.28266797099999996,FALSE,FALSE,FALSE,FALSE
Western Indian,Western Indian Ocean,14668,V14668,47.08,-14.82,Fished,35,36,40,0,279,514,15,0,2818,2372,992,1497,1397,802,271,45,25,21,51,34,13,9,17,8,860,1328,1320,1170,455,556,390,120,44,40,40,17,20,20,20,5,0.3371293,0.570863025,0.494643982,0.941634241,0.307984791,0.543859649,0.409766454,0.813953488,14668,CELL014668,0.3371293,Madagascar,FALSE,FALSE,FALSE,Unprotected,199,-0.174266899,0.28266797099999996,FALSE,TRUE,FALSE,TRUE
Western Indian,Western Indian Ocean,14670,V14670,44.36,-16.34,Fished,5,26,15,30,10,10,16,27,1763,2300,971,1908,692,808,419,1104,106,50,132,64,24,22,27,29,1465,2838,2345,2655,320,386,265,405,99,95,95,39,18,14,14,15,0.436252546,0.397122302,0.48005148,0.266932271,0.641456583,0.796934866,0.760545906,0.735294118,14670,CELL014670,0.436252546,Madagascar,FALSE,FALSE,FALSE,Unprotected,199,-0.174266899,0.28266797099999996,FALSE,TRUE,FALSE,TRUE
Western Indian,Western Indian Ocean,14671,V14671,49.64,-12.5,Fished,0,0,0,0,0,0,0,0,1248,802,836,537,1295,776,425,237,151,47,172,55,26,15,26,14,1230,2736,1890,555,540,556,390,195,119,99,99,24,27,20,20,7,-0.018482108,0.3259318,0.016476553,0.387596899,0.389830508,0.657894737,0.662211422,0.48,14671,CELL014671,-0.018482108,Madagascar,FALSE,FALSE,FALSE,Unprotected,199,-0.174266899,0.28266797099999996,FALSE,FALSE,FALSE,FALSE
Western Indian,Western Indian Ocean,14672,V14672,43.4,-22.98,Fished,0,0,0,0,103,226,2,3,1541,1244,1005,582,3680,2570,1510,1290,139,57,159,57,23,16,30,19,1070,3160,2150,330,1280,880,850,690,117,115,115,17,32,27,27,18,-0.40969163,-0.200795229,-0.347666492,-0.378205128,-0.089361702,0.433333333,0.564356436,-0.352941176,14672,CELL014672,-0.40969163,Madagascar,FALSE,FALSE,FALSE,Unprotected,199,-0.174266899,0.28266797099999996,TRUE,FALSE,TRUE,FALSE
Western Indian,Western Indian Ocean,14674,V14674,43.96,-18.1,Fished,0,0,0,15,139,126,8,0,747,722,165,252,1219,1296,128,204,34,29,32,24,28,19,22,14,80,332,230,300,10,208,170,420,11,12,12,13,2,7,7,12,-0.240081384,0.126279863,-0.28444004,0.105263158,0.777777778,0.15,0.22962963,-0.166666667,14674,CELL014674,-0.240081384,Madagascar,FALSE,FALSE,FALSE,Unprotected,199,-0.174266899,0.28266797099999996,TRUE,FALSE,TRUE,FALSE
Western Indian,Western Indian Ocean,14676,V14676,47,-15.06,Fished,0,30,25,75,357,436,7,12,1183,1034,271,465,917,996,78,141,39,37,37,32,20,16,22,16,205,444,310,390,0,376,240,270,20,16,16,9,0,14,14,11,0.126666667,0.553008596,0.018719212,0.534653465,1,0.127272727,0.082926829,0.181818182,14676,CELL014676,0.126666667,Madagascar,FALSE,FALSE,FALSE,Unprotected,199,-0.174266899,0.28266797099999996,FALSE,FALSE,FALSE,FALSE
Western Indian,Western Indian Ocean,14677,V14677,49.48,-12.26,Fished,0,0,0,0,0,0,0,0,3159,2382,1208,1158,1835,930,1118,549,67,20,129,51,17,11,20,13,1115,2972,1980,720,850,758,695,255,100,109,109,28,23,24,24,9,0.265118142,0.038693035,0.438405797,0.356766257,0.134860051,0.480373832,0.593565684,0.476923077,14677,CELL014677,0.265118142,Madagascar,TRUE,TRUE,FALSE,MPA only,199,-0.174266899,0.28266797099999996,FALSE,FALSE,FALSE,FALSE
Western Indian,Western Indian Ocean,14678,V14678,49.48,-12.34,Fished,0,0,0,0,1,0,2,6,2017,1536,993,672,1262,644,444,555,127,47,157,60,25,14,25,22,870,2710,1775,300,425,416,290,420,104,100,100,15,25,15,15,12,0.230253126,0.382045929,0.409174312,0.095354523,0.343629344,0.719128329,0.73384517,-0.166666667,14678,CELL014678,0.230253126,Madagascar,TRUE,TRUE,FALSE,MPA only,199,-0.174266899,0.28266797099999996,FALSE,FALSE,FALSE,FALSE
Western Indian,Western Indian Ocean,14679,V14679,43.24,-22.66,Fished,0,26,15,45,76,90,10,15,2459,1958,1098,816,1309,1148,935,453,102,36,148,71,22,13,29,21,880,2658,1695,825,485,1100,1050,360,93,99,99,26,20,34,34,12,0.305201699,0.080177078,0.260785576,0.286052009,0.289377289,0.234972678,0.414582225,0.392405063,14679,CELL014679,0.305201699,Madagascar,TRUE,TRUE,FALSE,MPA only,199,-0.174266899,0.28266797099999996,FALSE,TRUE,FALSE,FALSE
Western Indian,Western Indian Ocean,14680,V14680,43.32,-22.82,Fished,0,0,0,0,15,30,11,21,1417,1238,932,927,666,1120,261,711,94,51,127,60,19,19,18,17,785,2052,1380,375,25,104,60,135,76,75,75,19,4,4,4,8,0.360537686,0.562447611,0.050042409,0.131868132,0.938271605,0.916666667,0.903525046,0.470588235,14680,CELL014680,0.360537686,Madagascar,FALSE,FALSE,FALSE,Unprotected,199,-0.174266899,0.28266797099999996,FALSE,TRUE,FALSE,TRUE
Western Indian,Western Indian Ocean,14681,V14681,49.96,-13.06,Fished,10,0,0,0,15,42,7,12,1396,1156,865,915,1217,874,970,972,148,76,202,93,161,65,197,84,1120,2870,1925,825,665,1966,1315,360,124,105,105,36,94,72,72,16,0.068503636,-0.057220708,0.138916256,-0.030206677,0.254901961,0.188271605,0.186931348,0.392405063,14681,CELL014681,0.068503636,Madagascar,FALSE,FALSE,FALSE,Unprotected,199,-0.174266899,0.28266797099999996,FALSE,FALSE,FALSE,FALSE
Western Indian,Western Indian Ocean,14682,V14682,49.88,-12.74,Fished,45,26,15,30,13,26,1,0,1923,2346,1054,1932,1107,1248,379,903,93,53,120,52,37,34,44,36,1505,2370,2125,2940,680,498,395,795,90,76,76,40,24,17,17,19,0.269306931,0.471039777,0.305509182,0.362962963,0.377574371,0.686507937,0.652719665,0.574297189,14682,CELL014682,0.269306931,Madagascar,FALSE,FALSE,FALSE,Unprotected,199,-0.174266899,0.28266797099999996,FALSE,FALSE,FALSE,FALSE
Western Indian,Western Indian Ocean,14683,V14683,49.64,-12.58,Fished,5,26,15,0,0,0,20,0,1865,1608,1306,1692,3419,1876,1223,1542,126,52,149,71,103,51,128,68,1510,3100,2350,1590,1105,1128,870,1260,115,108,108,26,66,39,39,22,-0.294095382,0.032819296,-0.076923077,0.046382189,0.154875717,0.459627329,0.46641438,0.115789474,14683,CELL014683,-0.294095382,Madagascar,FALSE,FALSE,FALSE,Unprotected,199,-0.174266899,0.28266797099999996,TRUE,FALSE,TRUE,FALSE
Western Indian,Western Indian Ocean,14684,V14684,48.84,-12.26,Fished,0,0,0,15,151,6,0,0,3043,2370,1288,1719,307,202,34,87,69,28,117,45,6,5,2,1,1250,2118,1695,1470,25,816,640,765,76,72,72,23,1,28,28,25,0.816716418,0.948562784,0.842923795,0.903654485,0.960784314,0.451820128,0.443762781,0.315436242,14684,CELL014684,0.816716418,Madagascar,TRUE,TRUE,FALSE,MPA only,199,-0.174266899,0.28266797099999996,FALSE,TRUE,FALSE,TRUE
Western Indian,Western Indian Ocean,14686,V14686,48.84,-12.18,Fished,20,30,25,90,347,296,101,237,1890,1874,986,1464,4393,4724,3155,5985,107,39,115,44,90,62,111,78,940,2306,1665,930,3920,2818,2845,4290,85,82,82,29,91,84,84,71,-0.398376572,-0.523786525,-0.431949075,-0.606927104,-0.613168724,-0.261640798,-0.099921936,-0.643678161,14686,CELL014686,-0.398376572,Madagascar,TRUE,TRUE,FALSE,MPA only,199,-0.174266899,0.28266797099999996,TRUE,FALSE,TRUE,FALSE
Western Indian,Western Indian Ocean,14687,V14687,43.88,-12.26,Fished,75,0,0,45,317,284,103,216,1832,1950,994,1458,6434,7130,2761,6015,83,50,106,57,75,61,96,69,860,1508,1120,780,3340,2008,1670,2670,74,53,53,27,94,67,67,55,-0.556738447,-0.47057257,-0.570484581,-0.609795263,-0.59047619,-0.197132616,-0.142207053,-0.547826087,14687,CELL014687,-0.556738447,Comoro Islands,FALSE,FALSE,FALSE,Unprotected,20,-0.13337417475,0.00159748275,TRUE,FALSE,TRUE,FALSE
Western Indian,Western Indian Ocean,14688,V14688,47.24,-14.82,Fished,90,28,20,0,215,130,44,0,1359,1426,738,912,2405,1784,776,855,41,18,49,27,71,36,82,36,955,1230,975,630,1215,1530,1175,315,48,42,42,20,52,53,53,13,-0.277895855,-0.025099075,-0.11152648,0.032258065,-0.119815668,-0.093023256,-0.108695652,0.333333333,14688,CELL014688,-0.277895855,Madagascar,FALSE,FALSE,FALSE,Unprotected,199,-0.174266899,0.28266797099999996,TRUE,FALSE,TRUE,FALSE
Western Indian,Western Indian Ocean,14689,V14689,47.8,-13.86,Fished,5,26,15,0,178,238,17,57,793,1024,486,669,1492,1150,421,570,64,24,90,30,21,13,24,11,430,1046,665,330,210,452,330,315,46,39,39,15,18,16,16,7,-0.305908096,0.071664829,-0.057957682,0.079903148,0.34375,0.336683417,0.396528705,0.023255814,14689,CELL014689,-0.305908096,Madagascar,FALSE,FALSE,FALSE,Unprotected,199,-0.174266899,0.28266797099999996,TRUE,FALSE,TRUE,FALSE
Western Indian,Western Indian Ocean,14691,V14691,48.2,-13.46,Fished,10,28,20,0,197,208,8,0,2970,2418,992,1263,1936,2040,432,225,35,20,65,37,56,26,54,20,775,1288,1070,765,970,1596,1340,1035,47,43,43,18,53,53,53,21,0.210762332,0.393258427,0.084791386,0.697580645,-0.111747851,-0.112033195,-0.106796117,-0.15,14691,CELL014691,0.210762332,Madagascar,TRUE,TRUE,FALSE,MPA only,199,-0.174266899,0.28266797099999996,FALSE,FALSE,FALSE,FALSE
Western Indian,Western Indian Ocean,14692,V14692,48.12,-13.38,Fished,0,0,0,0,131,6,7,0,506,212,125,27,394,176,19,0,17,11,15,6,11,8,3,0,10,138,95,105,0,0,0,0,2,5,5,3,0,0,0,0,0.124444444,0.736111111,0.092783505,1,1,1,1,1,14692,CELL014692,0.124444444,Madagascar,TRUE,TRUE,FALSE,MPA only,199,-0.174266899,0.28266797099999996,FALSE,FALSE,FALSE,FALSE
Western Indian,Western Indian Ocean,14693,V14693,47.88,-13.54,Fished,30,0,0,0,188,134,101,102,704,714,658,1053,1892,1166,1279,789,94,26,106,33,54,28,69,51,715,1630,1175,645,1145,902,855,435,62,58,58,21,49,28,28,12,-0.457627119,-0.320598864,-0.240425532,0.143322476,-0.231182796,0.157635468,0.287519747,0.194444444,14693,CELL014693,-0.457627119,Madagascar,TRUE,TRUE,FALSE,MPA only,199,-0.174266899,0.28266797099999996,TRUE,FALSE,TRUE,FALSE
Western Indian,Western Indian Ocean,14694,V14694,47.96,-13.46,Fished,15,26,15,0,148,106,2,0,1277,856,832,636,1453,1290,914,1035,162,78,205,79,140,75,172,84,1265,2700,1900,690,835,2058,1345,675,124,97,97,32,99,76,76,33,-0.064468864,-0.04696449,-0.202236719,-0.238779174,0.204761905,0.171032357,0.134930643,0.010989011,14694,CELL014694,-0.064468864,Madagascar,TRUE,TRUE,FALSE,MPA only,199,-0.174266899,0.28266797099999996,FALSE,FALSE,FALSE,FALSE
Western Indian,Western Indian Ocean,14695,V14695,43.72,-18.02,Fished,5,0,0,0,129,228,19,60,1411,1136,805,708,1497,1424,789,840,144,49,184,69,134,58,162,81,820,2596,1790,525,585,1636,1090,465,94,94,94,23,83,60,60,18,-0.02957359,0.010037641,-0.1125,-0.085271318,0.167259786,0.243055556,0.2268431,0.060606061,14695,CELL014695,-0.02957359,Madagascar,FALSE,FALSE,FALSE,Unprotected,199,-0.174266899,0.28266797099999996,FALSE,FALSE,FALSE,FALSE
Western Indian,Western Indian Ocean,14696,V14696,44.12,-16.66,Fished,0,0,0,15,174,90,3,9,1636,1328,912,990,1580,1850,475,522,140,62,181,76,125,48,166,55,950,2804,1810,510,780,1394,885,450,112,104,104,28,101,52,52,22,0.017412935,0.315068493,-0.164254248,0.30952381,0.098265896,0.3432282,0.335874226,0.0625,14696,CELL014696,0.017412935,Madagascar,FALSE,FALSE,FALSE,Unprotected,199,-0.174266899,0.28266797099999996,FALSE,FALSE,FALSE,FALSE
Western Indian,Western Indian Ocean,14697,V14697,43.88,-18.42,Fished,10,0,0,0,81,100,20,27,1323,1070,879,921,1230,954,846,1002,165,76,211,77,129,51,183,69,1245,3100,2200,975,1105,1530,925,345,138,111,111,42,109,58,58,18,0.036427732,0.019130435,0.057312253,-0.042121685,0.059574468,0.408,0.339092873,0.477272727,14697,CELL014697,0.036427732,Madagascar,FALSE,FALSE,FALSE,Unprotected,199,-0.174266899,0.28266797099999996,FALSE,FALSE,FALSE,FALSE
Western Indian,Western Indian Ocean,14698,V14698,44.2,-25.14,Fished,5,28,20,0,78,44,7,6,1418,1036,820,588,939,718,494,378,154,53,182,60,115,40,156,60,840,2798,1845,600,505,1624,1010,390,101,103,103,28,71,61,61,21,0.203224438,0.248097412,0.181299886,0.217391304,0.249070632,0.292469352,0.265490728,0.212121212,14698,CELL014698,0.203224438,Madagascar,TRUE,TRUE,FALSE,MPA only,199,-0.174266899,0.28266797099999996,FALSE,FALSE,FALSE,FALSE
Western Indian,Western Indian Ocean,14699,V14699,43.96,-16.34,Fished,5,26,15,0,132,244,20,42,1498,1472,838,732,1053,878,589,765,139,35,185,63,131,52,169,75,1005,2708,1820,405,415,1314,785,330,115,99,99,24,65,50,50,18,0.174441396,0.174491941,0.252765957,-0.022044088,0.415492958,0.39731286,0.346593734,0.102040816,14699,CELL014699,0.174441396,Madagascar,FALSE,FALSE,FALSE,Unprotected,199,-0.174266899,0.28266797099999996,FALSE,FALSE,FALSE,FALSE
Western Indian,Western Indian Ocean,14701,V14701,43.8,-12.26,Fished,0,0,0,0,533,528,29,54,1697,1434,917,795,1818,1868,562,636,167,64,196,87,98,43,128,50,1515,4048,2870,1515,550,2048,1370,195,158,145,145,49,66,75,75,11,-0.034423898,0.240027045,-0.131435494,0.111111111,0.467312349,0.353773585,0.32808399,0.771929825,14701,CELL014701,-0.034423898,Comoro Islands,FALSE,FALSE,FALSE,Unprotected,20,-0.13337417475,0.00159748275,FALSE,FALSE,FALSE,FALSE
Western Indian,Western Indian Ocean,14702,V14702,44.44,-12.34,Fished,0,0,0,0,1,0,3,0,1393,920,1090,891,2140,1368,1849,1554,153,58,207,75,194,87,210,118,1320,3108,2220,780,2060,3326,2465,2115,111,111,111,38,136,117,117,64,-0.211435041,-0.258251106,-0.195804196,-0.271165644,-0.218934911,-0.052294557,-0.033882499,-0.461139896,14702,CELL014702,-0.211435041,Comoro Islands,FALSE,FALSE,FALSE,Unprotected,20,-0.13337417475,0.00159748275,TRUE,FALSE,TRUE,FALSE
Western Indian,Western Indian Ocean,14703,V14703,43.64,-12.42,Fished,0,0,0,0,98,120,17,0,1473,1070,1127,1119,1676,1480,1109,948,154,51,187,76,149,74,180,99,1350,3202,2405,945,1255,2240,1550,1140,119,112,112,32,119,81,81,39,-0.064464909,0.008050089,-0.160784314,0.082728592,0.03646833,0.216182048,0.176773245,-0.09352518,14703,CELL014703,-0.064464909,Comoro Islands,TRUE,TRUE,FALSE,MPA only,20,-0.13337417475,0.00159748275,FALSE,FALSE,FALSE,FALSE
Western Indian,Western Indian Ocean,14704,V14704,43.88,-12.42,Fished,75,42,55,270,143,102,47,138,3126,2244,1939,1662,2019,592,1203,816,59,33,98,43,19,12,32,26,1925,2452,2180,2310,715,976,990,885,77,79,79,26,25,29,29,9,0.21516035,0.234245703,0.582510578,0.341404358,0.458333333,0.375394322,0.430571762,0.44600939,14704,CELL014704,0.21516035,Comoro Islands,TRUE,TRUE,FALSE,MPA only,20,-0.13337417475,0.00159748275,FALSE,TRUE,FALSE,FALSE
Western Indian,Western Indian Ocean,14705,V14705,43.88,-12.34,Fished,105,48,70,45,778,662,89,246,3198,2348,1934,1692,3212,1580,1627,990,56,25,98,35,16,13,29,22,1995,2716,2390,2055,1015,958,1045,765,83,88,88,33,23,27,27,11,-0.002184087,0.086211738,0.195519348,0.261744966,0.325581395,0.391557496,0.47849755,0.457446809,14705,CELL014705,-0.002184087,Comoro Islands,TRUE,TRUE,FALSE,MPA only,20,-0.13337417475,0.00159748275,FALSE,FALSE,FALSE,FALSE
Western Indian,Western Indian Ocean,14706,V14706,43.96,-12.34,Fished,565,288,670,1350,1693,2218,535,1131,3284,2582,2111,1677,6112,7300,2812,4806,31,11,72,23,21,23,31,15,2440,2424,2510,2220,4100,2760,5450,7710,67,71,71,19,27,29,29,26,-0.30097914,-0.14239285,-0.477433718,-0.482646923,-0.25382263,-0.369346734,-0.064814815,-0.552870091,14706,CELL014706,-0.30097914,Comoro Islands,TRUE,TRUE,FALSE,MPA only,20,-0.13337417475,0.00159748275,TRUE,FALSE,TRUE,FALSE
Western Indian,Western Indian Ocean,14707,V14707,43.24,-11.86,Fished,20,36,40,15,360,430,61,135,3121,2436,1878,1815,1899,1500,832,909,55,25,104,37,20,12,29,19,1270,2638,2145,1125,415,708,620,330,73,89,89,24,22,23,23,9,0.243426295,0.38597786,0.237804878,0.332599119,0.507418398,0.551537071,0.576808129,0.546391753,14707,CELL014707,0.243426295,Comoro Islands,FALSE,FALSE,FALSE,Unprotected,20,-0.13337417475,0.00159748275,FALSE,TRUE,FALSE,FALSE
Western Indian,Western Indian Ocean,14708,V14708,43.4,-11.38,Fished,10,0,0,30,289,416,88,51,2926,2516,1814,1203,1498,1334,837,342,25,20,50,34,22,18,26,22,2305,1994,2085,1485,685,358,245,555,54,58,58,10,20,13,13,13,0.32278481,0.368540174,0.307012987,0.557281553,0.54180602,0.789699571,0.695578231,0.455882353,14708,CELL014708,0.32278481,Comoro Islands,FALSE,FALSE,FALSE,Unprotected,20,-0.13337417475,0.00159748275,FALSE,TRUE,FALSE,TRUE
Western Indian,Western Indian Ocean,14709,V14709,43.24,-11.38,Fished,0,0,0,0,38,30,23,12,2998,2332,2015,1362,792,698,496,177,34,20,62,31,25,21,28,15,2480,2094,2185,1260,330,264,210,300,55,61,61,12,22,9,9,10,0.582058047,0.604938272,0.539273927,0.769980507,0.765124555,0.824634656,0.776081425,0.615384615,14709,CELL014709,0.582058047,Comoro Islands,FALSE,FALSE,FALSE,Unprotected,20,-0.13337417475,0.00159748275,FALSE,TRUE,FALSE,TRUE
Western Indian,Western Indian Ocean,14710,V14710,50.52,-15.46,Fished,10,30,25,120,410,384,39,72,3357,2486,2131,1599,2244,1920,587,564,39,15,78,25,25,20,27,12,2160,2328,2320,2190,1215,814,835,825,67,70,70,18,27,24,24,19,0.198714515,0.568064753,0.128461189,0.47850208,0.28,0.470681458,0.481858689,0.452736318,14710,CELL014710,0.198714515,Madagascar,FALSE,FALSE,FALSE,Unprotected,199,-0.174266899,0.28266797099999996,FALSE,FALSE,FALSE,FALSE
Western Indian,Western Indian Ocean,14711,V14711,50.52,-15.38,Fished,0,0,0,0,130,96,17,18,3176,2402,2138,1620,918,910,507,345,35,16,62,31,23,22,28,16,2430,2192,2380,1620,570,536,540,1050,54,62,62,12,22,16,16,12,0.551538837,0.616635161,0.450483092,0.648854962,0.62,0.630136986,0.607038123,0.213483146,14711,CELL014711,0.551538837,Madagascar,FALSE,FALSE,FALSE,Unprotected,199,-0.174266899,0.28266797099999996,FALSE,TRUE,FALSE,TRUE
Western Indian,Western Indian Ocean,14712,V14712,50.36,-15.78,MPA,0,0,0,0,0,0,0,0,1337,730,860,432,2229,1794,580,555,140,42,164,41,28,16,27,20,1100,3154,2135,675,580,646,515,180,112,115,115,33,28,22,22,10,-0.250140213,0.194444444,-0.42155309,-0.124620061,0.30952381,0.611320755,0.66,0.578947368,14712,CELL014712,-0.250140213,Madagascar,TRUE,TRUE,FALSE,MPA only,199,-0.174266899,0.28266797099999996,TRUE,FALSE,TRUE,FALSE
Western Indian,Western Indian Ocean,14713,V14713,50.52,-15.22,Fished,25,28,20,0,171,336,10,24,2832,2248,1165,924,1541,2026,683,639,90,29,136,65,24,15,27,18,1005,2092,1430,675,765,984,960,1245,88,76,76,22,27,30,30,14,0.295220672,0.260822511,0.051941975,0.182341651,0.13559322,0.19665272,0.360208062,-0.296875,14713,CELL014713,0.295220672,Madagascar,FALSE,FALSE,FALSE,Unprotected,199,-0.174266899,0.28266797099999996,FALSE,TRUE,FALSE,FALSE
Western Indian,Western Indian Ocean,14714,V14714,50.12,-16.02,Fished,5,0,0,0,42,88,2,3,2456,2132,1084,969,1127,740,644,537,110,42,139,65,18,13,24,19,865,2644,1760,570,380,554,435,270,87,97,97,24,26,19,19,8,0.370918225,0.25462963,0.484679666,0.28685259,0.389558233,0.603644647,0.653533458,0.357142857,14714,CELL014714,0.370918225,Madagascar,TRUE,TRUE,FALSE,MPA only,199,-0.174266899,0.28266797099999996,FALSE,TRUE,FALSE,TRUE
Western Indian,Western Indian Ocean,14715,V14715,50.2,-16.02,Fished,0,0,0,0,0,0,0,0,1353,850,862,468,1940,1130,979,585,163,56,178,55,26,16,24,17,1235,3440,2450,315,790,650,525,315,132,123,123,17,28,22,22,12,-0.178256909,-0.063552417,-0.141414141,-0.111111111,0.219753086,0.647058824,0.682151589,0,14715,CELL014715,-0.178256909,Madagascar,TRUE,TRUE,FALSE,MPA only,199,-0.174266899,0.28266797099999996,TRUE,FALSE,TRUE,FALSE
Western Indian,Western Indian Ocean,14716,V14716,50.36,-15.86,Fished,120,60,100,210,993,814,344,309,2910,2276,1276,1137,6444,5798,3321,2835,65,36,122,59,16,12,24,21,1075,2448,1670,810,3300,1902,3005,2460,80,89,89,22,32,35,35,30,-0.377806286,-0.44485534,-0.436215011,-0.427492447,-0.508571429,-0.285561497,0.125517241,-0.504587156,14716,CELL014716,-0.377806286,Madagascar,FALSE,FALSE,FALSE,Unprotected,199,-0.174266899,0.28266797099999996,TRUE,FALSE,TRUE,FALSE
Western Indian,Western Indian Ocean,14717,V14717,50.28,-15.94,Fished,0,0,0,0,117,246,0,0,3092,2420,1207,1029,4381,2852,1788,981,70,23,124,49,21,12,24,13,1000,2230,1475,495,1130,1056,1090,465,100,82,82,22,29,31,31,16,-0.172487622,-0.193989983,-0.081942337,0.023880597,-0.061032864,0.150097466,0.357273281,0.03125,14717,CELL014717,-0.172487622,Madagascar,FALSE,FALSE,FALSE,Unprotected,199,-0.174266899,0.28266797099999996,FALSE,FALSE,FALSE,FALSE
Western Indian,Western Indian Ocean,14718,V14718,49.4,-12.1,Fished,0,32,30,0,101,128,6,0,2752,1794,1562,1230,1100,976,352,339,54,38,104,51,18,10,27,19,755,2004,1510,690,595,642,555,465,55,70,70,20,20,21,21,10,0.42886812,0.632183908,0.295306859,0.567877629,0.118518519,0.462469734,0.514739229,0.194805195,14718,CELL014718,0.42886812,Madagascar,FALSE,FALSE,FALSE,Unprotected,199,-0.174266899,0.28266797099999996,FALSE,TRUE,FALSE,TRUE
Western Indian,Western Indian Ocean,14719,V14719,49.8,-12.74,Fished,0,0,0,0,195,118,19,0,2840,1840,1445,1290,1937,1380,542,516,55,36,110,45,18,10,25,18,865,1874,1335,540,675,672,630,345,68,67,67,19,26,21,21,9,0.189030772,0.454453951,0.142857143,0.428571429,0.123376623,0.358778626,0.472113119,0.220338983,14719,CELL014719,0.189030772,Madagascar,FALSE,FALSE,FALSE,Unprotected,199,-0.174266899,0.28266797099999996,FALSE,FALSE,FALSE,FALSE
Western Indian,Western Indian Ocean,14720,V14720,49.88,-12.82,Fished,0,0,0,0,0,0,0,0,1281,644,854,411,850,452,167,168,162,58,173,67,35,22,26,19,985,3104,2110,690,285,618,395,165,114,113,113,34,20,23,23,8,0.202252464,0.672869736,0.175182482,0.419689119,0.551181102,0.684630739,0.667920473,0.614035088,14720,CELL014720,0.202252464,Madagascar,FALSE,FALSE,FALSE,Unprotected,199,-0.174266899,0.28266797099999996,FALSE,FALSE,FALSE,FALSE
Western Indian,Western Indian Ocean,14721,V14721,49.56,-12.34,Fished,0,0,0,0,0,0,0,0,1340,690,844,462,2865,2984,529,738,147,51,168,62,45,36,44,42,1075,2780,1800,510,1440,1978,1695,1530,120,103,103,27,77,65,65,44,-0.362663496,0.229424618,-0.624387588,-0.23,-0.145129225,0.030042918,0.168558218,-0.5,14721,CELL014721,-0.362663496,Madagascar,TRUE,TRUE,FALSE,MPA only,199,-0.174266899,0.28266797099999996,TRUE,FALSE,TRUE,FALSE
Western Indian,Western Indian Ocean,14722,V14722,49.64,-12.66,Fished,0,0,0,0,217,74,49,0,2594,1742,888,645,2092,1006,970,753,31,27,43,22,20,18,21,15,875,1114,1135,810,395,538,545,120,36,33,33,18,16,16,16,4,0.107127614,-0.044133477,0.26783115,-0.077253219,0.377952756,0.351190476,0.348668281,0.741935484,14722,CELL014722,0.107127614,Madagascar,FALSE,FALSE,FALSE,Unprotected,199,-0.174266899,0.28266797099999996,FALSE,FALSE,FALSE,FALSE
Western Indian,Western Indian Ocean,14723,V14723,50.04,-13.3,Fished,40,40,50,45,366,412,7,15,1934,1886,883,963,2868,980,1247,330,37,27,46,30,25,17,32,19,980,1306,1215,945,795,822,855,885,48,41,41,20,25,24,24,14,-0.194502291,-0.170892019,0.316120028,0.489559165,0.104225352,0.173913043,0.227443609,0.032786885,14723,CELL014723,-0.194502291,Madagascar,FALSE,FALSE,FALSE,Unprotected,199,-0.174266899,0.28266797099999996,TRUE,FALSE,TRUE,FALSE
Western Indian,Western Indian Ocean,14726,V14726,49.32,-11.94,Fished,0,0,0,0,24,14,0,0,1724,1648,845,744,536,490,59,96,94,48,132,53,24,21,25,19,835,1862,1205,255,185,508,320,495,76,69,69,13,26,19,19,21,0.525663717,0.869469027,0.541627689,0.771428571,0.637254902,0.580327869,0.571308017,-0.32,14726,CELL014726,0.525663717,Madagascar,FALSE,FALSE,FALSE,Unprotected,199,-0.174266899,0.28266797099999996,FALSE,TRUE,FALSE,TRUE
Western Indian,Western Indian Ocean,14727,V14727,49.24,-11.94,Fished,0,0,0,0,76,70,0,3,1601,1572,877,795,1076,1022,348,747,106,61,137,62,57,48,69,52,770,2162,1455,615,325,648,420,600,85,79,79,19,36,24,24,29,0.196115054,0.431836735,0.212027756,0.031128405,0.406392694,0.552,0.538790036,0.012345679,14727,CELL014727,0.196115054,Madagascar,FALSE,FALSE,FALSE,Unprotected,199,-0.174266899,0.28266797099999996,FALSE,FALSE,FALSE,FALSE
Western Indian,Western Indian Ocean,14728,V14728,49.8,-17.06,Fished,0,0,0,0,23,2,0,18,1508,1454,892,792,1756,1694,566,1185,122,57,140,68,75,59,83,67,770,2366,1515,345,455,1354,935,750,84,88,88,12,57,49,49,28,-0.075980392,0.223593964,-0.076238882,-0.198786039,0.257142857,0.236734694,0.272043011,-0.369863014,14728,CELL014728,-0.075980392,Madagascar,FALSE,FALSE,FALSE,Unprotected,199,-0.174266899,0.28266797099999996,FALSE,FALSE,FALSE,FALSE
Western Indian,Western Indian Ocean,14729,V14729,50.04,-16.66,Fished,0,0,0,0,142,42,0,0,2123,2138,929,879,689,720,72,201,100,48,124,60,16,13,19,18,920,1962,1355,420,60,838,545,600,89,71,71,16,10,31,31,29,0.509957326,0.856143856,0.496151155,0.627777778,0.87755102,0.426315789,0.401428571,-0.176470588,14729,CELL014729,0.509957326,Madagascar,FALSE,FALSE,FALSE,Unprotected,199,-0.174266899,0.28266797099999996,FALSE,TRUE,FALSE,TRUE
Western Indian,Western Indian Ocean,14730,V14730,48.84,-12.34,Fished,0,0,0,0,96,68,8,6,1614,1396,940,555,1874,2508,845,2253,129,54,147,46,67,53,89,80,920,2876,1890,390,435,1904,1660,1905,93,106,106,19,48,62,62,59,-0.074541284,0.053221289,-0.284836066,-0.604700855,0.357933579,0.064788732,0.20334728,-0.660130719,14730,CELL014730,-0.074541284,Madagascar,TRUE,TRUE,FALSE,MPA only,199,-0.174266899,0.28266797099999996,FALSE,FALSE,FALSE,FALSE
Western Indian,Western Indian Ocean,14731,V14731,48.68,-12.34,Fished,0,0,0,0,220,230,0,0,1667,1442,797,696,1023,1792,217,609,100,63,120,63,21,19,20,17,670,1928,1270,420,50,130,75,120,65,71,71,23,9,5,5,6,0.239405204,0.57199211,-0.108225108,0.066666667,0.861111111,0.888475836,0.873663751,0.555555556,14731,CELL014731,0.239405204,Madagascar,FALSE,FALSE,FALSE,Unprotected,199,-0.174266899,0.28266797099999996,FALSE,FALSE,FALSE,FALSE
Western Indian,Western Indian Ocean,14732,V14732,48.68,-12.26,Fished,0,0,0,0,49,16,28,93,1330,890,901,558,1185,1312,309,870,98,47,114,54,44,34,54,51,740,1674,1135,240,435,346,215,345,76,61,61,15,42,13,13,20,0.057654076,0.489256198,-0.19164396,-0.218487395,0.259574468,0.681481481,0.657425743,-0.179487179,14732,CELL014732,0.057654076,Madagascar,TRUE,TRUE,FALSE,MPA only,199,-0.174266899,0.28266797099999996,FALSE,FALSE,FALSE,FALSE
Western Indian,Western Indian Ocean,14733,V14733,48.92,-12.34,Fished,0,0,0,0,38,44,8,12,1389,672,798,429,1383,1954,339,1005,102,51,133,49,30,25,48,47,720,2020,1350,195,280,568,370,495,81,74,74,10,24,21,21,25,0.002164502,0.403693931,-0.488194973,-0.40167364,0.44,0.569767442,0.561051005,-0.434782609,14733,CELL014733,0.002164502,Madagascar,TRUE,TRUE,FALSE,MPA only,199,-0.174266899,0.28266797099999996,FALSE,FALSE,FALSE,FALSE
Western Indian,Western Indian Ocean,14734,V14734,48.6,-12.42,Fished,0,0,0,0,40,2,5,12,1861,1486,905,699,556,658,70,225,102,45,136,70,23,15,29,24,835,2210,1375,240,110,478,295,465,80,83,83,15,17,18,18,19,0.539925528,0.856410256,0.38619403,0.512987013,0.767195767,0.646706587,0.644345238,-0.319148936,14734,CELL014734,0.539925528,Madagascar,FALSE,FALSE,FALSE,Unprotected,199,-0.174266899,0.28266797099999996,FALSE,TRUE,FALSE,TRUE
Western Indian,Western Indian Ocean,14735,V14735,48.76,-12.58,Fished,10,0,0,0,133,88,1,0,1165,816,877,483,4561,6764,746,2028,127,45,150,38,40,29,57,58,995,2596,1840,165,1405,1600,1650,4095,106,93,93,8,63,47,47,51,-0.593084177,0.080714726,-0.78469657,-0.615292712,-0.170833333,0.054441261,0.237368923,-0.922535211,14735,CELL014735,-0.593084177,Madagascar,FALSE,FALSE,FALSE,Unprotected,199,-0.174266899,0.28266797099999996,TRUE,FALSE,TRUE,FALSE
Western Indian,Western Indian Ocean,14736,V14736,49,-12.1,Fished,0,0,0,0,56,48,9,27,2154,2046,1007,1008,826,936,99,243,92,39,118,55,18,16,33,25,800,2128,1370,375,55,530,325,210,84,79,79,24,10,20,20,12,0.445637584,0.820976492,0.3722334,0.611510791,0.871345029,0.616519174,0.601203913,0.282051282,14736,CELL014736,0.445637584,Madagascar,TRUE,TRUE,FALSE,MPA only,199,-0.174266899,0.28266797099999996,FALSE,TRUE,FALSE,TRUE
Western Indian,Western Indian Ocean,14737,V14737,49.08,-12.1,Fished,30,26,15,30,76,74,16,42,1405,1364,940,690,3350,3170,1421,2697,121,46,143,64,99,70,121,103,810,2260,1550,480,1595,1864,1510,1560,76,82,82,25,91,63,63,50,-0.409043113,-0.203727234,-0.398323776,-0.592559787,-0.326403326,0.013071895,0.096023278,-0.529411765,14737,CELL014737,-0.409043113,Madagascar,TRUE,TRUE,FALSE,MPA only,199,-0.174266899,0.28266797099999996,TRUE,FALSE,TRUE,FALSE
Western Indian,Western Indian Ocean,14738,V14738,49,-12.18,Fished,0,0,0,0,89,48,0,0,1828,1738,922,669,824,968,53,168,98,47,139,60,30,23,30,28,840,2290,1475,360,140,354,235,450,93,85,85,22,21,13,13,21,0.378582202,0.891282051,0.284552846,0.598566308,0.714285714,0.725146199,0.732223903,-0.111111111,14738,CELL014738,0.378582202,Madagascar,TRUE,TRUE,FALSE,MPA only,199,-0.174266899,0.28266797099999996,FALSE,TRUE,FALSE,TRUE
Western Indian,Western Indian Ocean,14739,V14739,49.16,-12.02,Fished,0,26,15,0,85,0,5,3,1548,1060,928,567,1081,1400,117,303,115,44,148,57,20,18,30,29,845,2224,1510,375,165,788,520,1185,95,81,81,19,21,29,29,35,0.177634081,0.776076555,-0.138211382,0.303448276,0.673267327,0.487684729,0.476759628,-0.519230769,14739,CELL014739,0.177634081,Madagascar,TRUE,TRUE,FALSE,MPA only,199,-0.174266899,0.28266797099999996,FALSE,FALSE,FALSE,FALSE
Western Indian,Western Indian Ocean,14740,V14740,49.08,-12.26,Fished,0,0,0,0,191,144,1,15,2402,2142,974,873,808,638,71,246,96,46,137,60,19,15,25,30,790,2490,1575,390,55,616,390,615,83,93,93,23,8,23,23,24,0.496573209,0.864114833,0.541007194,0.560321716,0.869822485,0.603053435,0.603348358,-0.223880597,14740,CELL014740,0.496573209,Madagascar,TRUE,TRUE,FALSE,MPA only,199,-0.174266899,0.28266797099999996,FALSE,TRUE,FALSE,TRUE
Western Indian,Western Indian Ocean,14741,V14741,48.6,-12.26,Fished,25,32,30,15,188,208,26,57,1677,1572,996,1185,4324,4384,2025,2757,122,43,142,49,112,77,130,92,1075,2256,1540,960,2685,3694,3835,2505,94,82,82,30,86,108,108,66,-0.441093151,-0.34061569,-0.472128946,-0.398782344,-0.428191489,-0.426976744,-0.241680672,-0.445887446,14741,CELL014741,-0.441093151,Madagascar,TRUE,TRUE,FALSE,MPA only,199,-0.174266899,0.28266797099999996,TRUE,FALSE,TRUE,FALSE
Western Indian,Western Indian Ocean,14742,V14742,48.92,-12.26,Fished,40,50,75,165,377,302,68,81,2023,1698,1030,1329,2619,2810,2798,3855,96,43,120,41,74,52,91,72,1015,2394,1735,900,3210,3250,3975,5205,73,85,85,23,93,83,83,60,-0.128392934,-0.461859979,-0.246672582,-0.487268519,-0.519526627,-0.392294221,-0.151665485,-0.705159705,14742,CELL014742,-0.128392934,Madagascar,TRUE,TRUE,FALSE,MPA only,199,-0.174266899,0.28266797099999996,FALSE,FALSE,FALSE,FALSE
Western Indian,Western Indian Ocean,14743,V14743,49.08,-12.18,Fished,0,0,0,0,32,58,0,0,1621,1422,896,1074,412,368,44,78,91,42,107,51,16,16,3,4,725,1802,1155,510,10,460,300,240,70,67,67,21,2,17,17,13,0.594687654,0.906382979,0.588826816,0.864583333,0.972789116,0.587628866,0.593280283,0.36,14743,CELL014743,0.594687654,Madagascar,TRUE,TRUE,FALSE,MPA only,199,-0.174266899,0.28266797099999996,FALSE,TRUE,FALSE,TRUE
Western Indian,Western Indian Ocean,14744,V14744,49,-12.26,Fished,0,0,0,0,66,72,2,9,2462,2386,1194,1746,292,502,50,192,67,33,107,54,4,7,2,3,960,1742,1255,1080,15,26,15,15,73,62,62,20,1,1,1,1,0.787944808,0.919614148,0.652354571,0.801857585,0.969230769,0.976377953,0.970588235,0.97260274,14744,CELL014744,0.787944808,Madagascar,TRUE,TRUE,FALSE,MPA only,199,-0.174266899,0.28266797099999996,FALSE,TRUE,FALSE,TRUE
Western Indian,Western Indian Ocean,14745,V14745,47.8,-13.62,Fished,0,0,0,0,227,152,1,0,2504,1908,1129,1425,968,770,44,78,80,46,113,55,13,13,8,1,890,1944,1310,855,5,54,35,15,82,71,71,31,1,2,2,1,0.442396313,0.924978687,0.424943988,0.896207585,0.988826816,0.94795539,0.945945946,0.965517241,14745,CELL014745,0.442396313,Madagascar,TRUE,TRUE,FALSE,MPA only,199,-0.174266899,0.28266797099999996,FALSE,TRUE,FALSE,TRUE
Western Indian,Western Indian Ocean,14746,V14746,47.8,-13.78,Fished,0,0,0,0,53,0,0,0,1652,1442,956,948,752,778,56,183,101,53,115,51,11,12,6,6,600,1964,1260,105,0,136,90,60,68,73,73,6,0,5,5,4,0.37437604,0.889328063,0.299099099,0.676392573,1,0.866666667,0.87047619,0.272727273,14746,CELL014746,0.37437604,Madagascar,FALSE,FALSE,FALSE,Unprotected,199,-0.174266899,0.28266797099999996,FALSE,TRUE,FALSE,TRUE
Western Indian,Western Indian Ocean,14747,V14747,48.52,-12.98,Fished,0,0,0,0,112,30,0,0,1785,1576,1029,1227,882,520,56,114,85,49,119,55,12,10,3,3,925,1848,1270,450,15,192,130,30,77,67,67,19,1,7,7,1,0.338582677,0.896774194,0.503816794,0.829977629,0.968085106,0.814285714,0.811764706,0.875,14747,CELL014747,0.338582677,Madagascar,TRUE,TRUE,FALSE,MPA only,199,-0.174266899,0.28266797099999996,FALSE,TRUE,FALSE,TRUE
Western Indian,Western Indian Ocean,14748,V14748,48.76,-12.98,Fished,0,0,0,0,0,2,2,0,1509,1436,1051,1131,544,684,37,108,100,50,126,56,17,17,11,9,675,2162,1405,450,65,214,135,345,68,80,80,22,9,8,8,14,0.470043838,0.931985294,0.354716981,0.82566586,0.824324324,0.824675325,0.81986532,0.132075472,14748,CELL014748,0.470043838,Madagascar,TRUE,TRUE,FALSE,MPA only,199,-0.174266899,0.28266797099999996,FALSE,TRUE,FALSE,TRUE
Western Indian,Western Indian Ocean,14749,V14749,48.52,-13.06,Fished,0,26,15,0,900,332,36,3,3412,2652,1227,1506,963,350,38,3,46,28,113,42,4,3,2,1,1170,2440,1750,1110,0,486,315,0,77,87,87,25,0,18,18,0,0.559771429,0.939920949,0.766822119,0.996023857,1,0.694915254,0.667805878,1,14749,CELL014749,0.559771429,Madagascar,TRUE,TRUE,FALSE,MPA only,199,-0.174266899,0.28266797099999996,FALSE,TRUE,FALSE,TRUE
Western Indian,Western Indian Ocean,14751,V14751,48.6,-12.98,Fished,0,26,15,0,39,36,8,0,1142,1064,856,834,1630,1006,1885,1440,108,53,128,52,172,113,186,114,515,1414,935,345,1230,2554,1785,795,66,52,52,19,126,92,92,30,-0.176046176,-0.375410434,0.028019324,-0.266490765,-0.40974212,-0.3125,-0.287298387,-0.394736842,14751,CELL014751,-0.176046176,Madagascar,TRUE,TRUE,FALSE,MPA only,199,-0.174266899,0.28266797099999996,TRUE,FALSE,FALSE,FALSE
Western Indian,Western Indian Ocean,14752,V14752,48.52,-12.9,Fished,5,26,15,45,42,14,15,6,1249,1060,826,882,1999,1144,2247,1557,142,54,149,61,171,114,187,106,785,2310,1525,510,1270,2410,1675,660,87,85,85,25,118,87,87,28,-0.23091133,-0.462414579,-0.038112523,-0.276752768,-0.236009732,-0.046875,-0.021186441,-0.128205128,14752,CELL014752,-0.23091133,Madagascar,TRUE,TRUE,FALSE,MPA only,199,-0.174266899,0.28266797099999996,TRUE,FALSE,TRUE,FALSE
Western Indian,Western Indian Ocean,14754,V14754,48.12,-13.3,Fished,10,0,0,15,54,46,5,6,1221,1110,788,807,2329,1006,2026,1308,136,65,160,76,172,84,190,94,815,2232,1430,795,1245,2678,1945,540,84,83,83,33,116,95,95,29,-0.312112676,-0.439943141,0.049149338,-0.236879433,-0.208737864,-0.152592593,-0.090835031,0.191011236,14754,CELL014754,-0.312112676,Madagascar,FALSE,FALSE,FALSE,Unprotected,199,-0.174266899,0.28266797099999996,TRUE,FALSE,TRUE,FALSE
Western Indian,Western Indian Ocean,14755,V14755,46.6,-12.42,MPA,15,26,15,45,39,14,7,12,2177,2586,1191,2094,472,720,282,873,89,46,110,37,17,16,29,27,1890,2566,2315,3060,205,240,150,615,81,82,82,40,16,9,9,17,0.643639109,0.617107943,0.564428312,0.411526795,0.804295943,0.878296146,0.82893799,0.665306122,14755,CELL014755,0.643639109,France,FALSE,FALSE,FALSE,Unprotected,54,-0.31484398975,0.4384915245,FALSE,TRUE,FALSE,TRUE
Western Indian,Western Indian Ocean,14756,V14756,46.52,-12.42,MPA,0,26,15,0,10,16,18,9,962,702,826,726,1995,1180,1846,1131,118,51,140,69,180,107,194,103,605,2046,1315,600,1290,2464,1660,540,72,76,76,26,123,90,90,29,-0.349340548,-0.381736527,-0.253985122,-0.2180937,-0.361477573,-0.115966387,-0.092682927,0.052631579,14756,CELL014756,-0.349340548,France,FALSE,FALSE,FALSE,Unprotected,54,-0.31484398975,0.4384915245,TRUE,FALSE,TRUE,FALSE
Western Indian,Western Indian Ocean,14757,V14757,46.52,-12.34,MPA,0,0,0,15,39,68,15,12,1071,924,766,636,1745,1240,1902,1677,130,67,145,73,172,110,183,130,855,2244,1460,540,1690,2184,1410,405,84,83,83,27,130,81,81,22,-0.239346591,-0.425787106,-0.146025878,-0.450064851,-0.328094303,0.017421603,0.013550136,0.142857143,14757,CELL014757,-0.239346591,France,FALSE,FALSE,FALSE,Unprotected,54,-0.31484398975,0.4384915245,FALSE,FALSE,TRUE,FALSE
Western Indian,Western Indian Ocean,14758,V14758,46.44,-12.34,MPA,0,0,0,0,15,22,4,12,1018,810,752,708,2154,1294,2025,1677,124,56,138,69,170,121,192,133,635,1970,1325,645,1630,2042,1455,900,76,72,72,24,123,73,73,40,-0.35813367,-0.458408354,-0.230038023,-0.406289308,-0.439293598,-0.04676259,-0.017946162,-0.165048544,14758,CELL014758,-0.35813367,France,FALSE,FALSE,FALSE,Unprotected,54,-0.31484398975,0.4384915245,TRUE,FALSE,TRUE,FALSE
Western Indian,Western Indian Ocean,14759,V14759,47.32,-14.74,Fished,415,214,485,795,1067,1172,338,594,3075,2786,1680,2376,4782,5816,2897,5823,48,11,70,13,21,20,33,33,2620,2356,2840,3795,5075,3406,5665,13320,56,61,61,31,54,57,57,57,-0.217258496,-0.265894691,-0.352243664,-0.420417124,-0.319038337,-0.332157554,-0.182228393,-0.55652936,14759,CELL014759,-0.217258496,Madagascar,FALSE,FALSE,FALSE,Unprotected,199,-0.174266899,0.28266797099999996,TRUE,FALSE,TRUE,FALSE
Western Indian,Western Indian Ocean,14760,V14760,46.52,-12.26,MPA,60,32,30,105,90,60,42,102,1799,1622,1057,1305,3918,3166,1806,1791,87,40,128,45,75,46,101,67,1030,2550,1825,1035,3240,2502,3155,7860,87,91,91,28,77,62,62,54,-0.370648942,-0.261613692,-0.322472849,-0.156976744,-0.517564403,-0.267068273,0.009501188,-0.767284992,14760,CELL014760,-0.370648942,France,FALSE,FALSE,FALSE,Unprotected,54,-0.31484398975,0.4384915245,TRUE,FALSE,TRUE,FALSE
Western Indian,Western Indian Ocean,14761,V14761,46.6,-12.34,MPA,1090,386,915,1680,1877,2230,613,879,2903,2908,1603,2298,5648,6940,4332,7827,53,12,83,22,32,31,45,36,2490,2410,2775,4110,11735,6176,11690,25815,59,65,65,23,72,75,75,62,-0.321015086,-0.459814659,-0.409423233,-0.546074074,-0.649912127,-0.616315244,-0.438621011,-0.725313283,14761,CELL014761,-0.321015086,France,FALSE,FALSE,FALSE,Unprotected,54,-0.31484398975,0.4384915245,TRUE,FALSE,TRUE,FALSE
Western Indian,Western Indian Ocean,14762,V14762,46.6,-12.26,MPA,25,26,15,45,81,120,111,348,2518,2840,1322,2226,401,522,594,1803,67,33,81,34,16,13,22,23,1965,2128,2220,3645,490,534,385,720,66,62,62,35,27,19,19,21,0.725248373,0.379958246,0.689470553,0.104988831,0.600814664,0.704414587,0.598797896,0.670103093,14762,CELL014762,0.725248373,France,FALSE,FALSE,FALSE,Unprotected,54,-0.31484398975,0.4384915245,FALSE,TRUE,FALSE,TRUE
Western Indian,Western Indian Ocean,14763,V14763,47.8,-14.1,Fished,5,0,0,15,49,20,12,36,2235,2564,1343,2178,614,882,496,1356,77,39,93,29,18,16,28,29,1770,1784,1760,3405,355,362,255,1260,73,54,54,40,24,13,13,19,0.568971569,0.4605764,0.488102147,0.232597623,0.665882353,0.746898263,0.662628145,0.459807074,14763,CELL014763,0.568971569,Madagascar,FALSE,FALSE,FALSE,Unprotected,199,-0.174266899,0.28266797099999996,FALSE,TRUE,FALSE,TRUE
Western Indian,Western Indian Ocean,14764,V14764,47.72,-13.94,Fished,35,40,50,30,204,42,52,156,2361,2356,1350,1953,4609,4458,1473,2826,68,34,111,36,45,40,70,59,1880,2728,2620,2880,2250,2248,2320,3630,76,84,84,31,59,66,66,53,-0.322525108,-0.04357067,-0.308482536,-0.1826742,-0.089588378,0.060728745,0.096463023,-0.115207373,14764,CELL014764,-0.322525108,Madagascar,TRUE,TRUE,FALSE,MPA only,199,-0.174266899,0.28266797099999996,TRUE,FALSE,TRUE,FALSE
Western Indian,Western Indian Ocean,14766,V14766,47.48,-14.66,Fished,95,26,15,0,273,180,71,18,1946,1624,863,1038,4875,5092,2556,1194,33,18,63,25,89,70,109,55,800,1400,1100,540,2290,2598,2495,1035,54,48,48,13,77,80,80,32,-0.429409178,-0.495174027,-0.516378797,-0.069892473,-0.482200647,-0.388038943,-0.299649825,-0.314285714,14766,CELL014766,-0.429409178,Madagascar,FALSE,FALSE,FALSE,Unprotected,199,-0.174266899,0.28266797099999996,TRUE,FALSE,TRUE,FALSE
Western Indian,Western Indian Ocean,14768,V14768,47.72,-14.1,MPA,0,0,0,0,74,104,4,0,303,210,84,0,252,176,20,0,12,6,13,0,10,6,10,0,5,134,85,0,0,292,180,0,1,5,5,0,0,11,11,0,0.091891892,0.615384615,0.088082902,NA,1,-0.358490566,-0.370892019,NA,14768,CELL014768,0.091891892,Madagascar,TRUE,TRUE,FALSE,MPA only,199,-0.174266899,0.28266797099999996,FALSE,FALSE,FALSE,FALSE
Western Indian,Western Indian Ocean,14770,V14770,43.72,-18.34,Fished,0,0,0,0,22,30,0,0,217,192,67,153,361,230,25,24,15,8,11,7,18,4,13,7,50,108,70,45,0,210,125,120,5,4,4,2,0,8,8,8,-0.249134948,0.456521739,-0.090047393,0.728813559,1,-0.282051282,-0.320754717,-0.454545455,14770,CELL014770,-0.249134948,Madagascar,FALSE,FALSE,FALSE,Unprotected,199,-0.174266899,0.28266797099999996,TRUE,FALSE,TRUE,FALSE
Western Indian,Western Indian Ocean,14771,V14771,44.12,-25.14,Fished,0,0,0,0,0,0,0,0,320,364,179,273,305,26,16,45,22,16,12,7,18,6,14,12,60,138,95,30,0,454,285,180,8,5,5,2,0,17,17,7,0.024,0.835897436,0.866666667,0.716981132,1,-0.5,-0.533783784,-0.714285714,14771,CELL014771,0.024,Madagascar,TRUE,TRUE,FALSE,MPA only,199,-0.174266899,0.28266797099999996,FALSE,FALSE,FALSE,FALSE
Western Indian,Western Indian Ocean,14772,V14772,43.72,-24.5,Fished,0,0,0,0,8,14,0,0,312,200,87,156,175,46,1,3,20,7,12,9,5,2,1,1,85,186,115,75,10,0,0,0,6,7,7,3,2,0,0,0,0.281314168,0.977272727,0.62601626,0.962264151,0.789473684,1,1,1,14772,CELL014772,0.281314168,Madagascar,FALSE,FALSE,FALSE,Unprotected,199,-0.174266899,0.28266797099999996,FALSE,FALSE,FALSE,FALSE
Western Indian,Western Indian Ocean,14773,V14773,43.64,-24.34,Fished,0,0,0,0,0,0,0,0,216,204,58,90,194,50,26,81,22,12,16,7,23,9,19,14,30,164,110,15,10,420,250,195,4,6,6,1,2,16,16,11,0.053658537,0.380952381,0.606299213,0.052631579,0.5,-0.388888889,-0.438356164,-0.857142857,14773,CELL014773,0.053658537,Madagascar,TRUE,TRUE,TRUE,MPA-OECM overlap,199,-0.174266899,0.28266797099999996,FALSE,FALSE,FALSE,FALSE
Western Indian,Western Indian Ocean,14774,V14774,43.72,-24.42,Fished,0,0,0,0,0,0,0,0,159,142,149,267,147,22,6,18,17,8,13,6,14,8,6,6,50,168,120,90,0,286,165,180,6,6,6,5,0,11,11,11,0.039215686,0.922580645,0.731707317,0.873684211,1,-0.157894737,-0.259911894,-0.333333333,14774,CELL014774,0.039215686,Madagascar,TRUE,TRUE,FALSE,MPA only,199,-0.174266899,0.28266797099999996,FALSE,FALSE,FALSE,FALSE
Western Indian,Western Indian Ocean,14775,V14775,43.64,-24.42,Fished,0,0,0,0,1,0,0,0,210,204,105,207,285,180,16,30,17,10,10,7,16,6,11,7,55,210,175,30,0,326,215,210,5,7,7,2,0,12,12,11,-0.151515152,0.73553719,0.0625,0.746835443,1,-0.102564103,-0.21641791,-0.75,14775,CELL014775,-0.151515152,Madagascar,TRUE,TRUE,FALSE,MPA only,199,-0.174266899,0.28266797099999996,FALSE,FALSE,FALSE,FALSE
Western Indian,Western Indian Ocean,14778,V14778,43.88,-24.74,Fished,0,0,0,0,12,8,0,0,359,210,79,129,250,112,21,24,20,9,9,5,17,9,15,6,40,136,90,15,0,394,235,165,4,5,5,1,0,15,15,8,0.178981938,0.58,0.304347826,0.68627451,1,-0.446153846,-0.486792453,-0.833333333,14778,CELL014778,0.178981938,Madagascar,TRUE,TRUE,TRUE,MPA-OECM overlap,199,-0.174266899,0.28266797099999996,FALSE,FALSE,FALSE,FALSE
Western Indian,Western Indian Ocean,14779,V14779,43.96,-24.82,Fished,0,0,0,0,47,0,2,0,416,222,64,72,153,14,10,0,18,10,15,3,9,6,8,0,10,106,65,0,0,208,120,0,2,4,4,0,0,8,8,0,0.462214411,0.72972973,0.881355932,1,1,-0.297297297,-0.324840764,NA,14779,CELL014779,0.462214411,Madagascar,TRUE,TRUE,TRUE,MPA-OECM overlap,199,-0.174266899,0.28266797099999996,FALSE,TRUE,FALSE,TRUE
Western Indian,Western Indian Ocean,14780,V14780,43.88,-24.66,Fished,0,0,0,0,22,28,0,0,482,238,72,123,176,76,5,0,23,10,9,3,8,4,4,0,30,142,105,0,0,78,45,0,4,5,5,0,0,3,3,0,0.465045593,0.87012987,0.515923567,1,1,0.4,0.290909091,NA,14780,CELL014780,0.465045593,Madagascar,TRUE,FALSE,TRUE,OECM only,199,-0.174266899,0.28266797099999996,FALSE,TRUE,FALSE,TRUE
Western Indian,Western Indian Ocean,14782,V14782,43.48,-11.7,Fished,0,30,25,0,433,508,25,45,2028,1270,1180,1053,2565,1872,1948,1152,163,87,227,109,200,89,207,123,1730,3514,2735,1395,1765,3090,2375,750,150,121,121,51,146,107,107,36,-0.116917048,-0.245524297,-0.191597708,-0.044897959,-0.010014306,0.070450098,0.064203513,0.300699301,14782,CELL014782,-0.116917048,Comoro Islands,FALSE,FALSE,FALSE,Unprotected,20,-0.13337417475,0.00159748275,FALSE,FALSE,FALSE,FALSE
Western Indian,Western Indian Ocean,14783,V14783,44.28,-12.18,Fished,40,34,35,75,244,276,39,87,1842,1734,896,1068,1946,1540,1308,996,137,62,187,89,149,79,184,68,1250,3466,2365,1245,1125,1914,1235,1155,120,126,126,44,118,71,71,49,-0.027455121,-0.186932849,0.059254734,0.034883721,0.052631579,0.313888889,0.288475836,0.0375,14783,CELL014783,-0.027455121,Comoro Islands,FALSE,FALSE,FALSE,Unprotected,20,-0.13337417475,0.00159748275,FALSE,FALSE,FALSE,FALSE
Western Indian,Western Indian Ocean,14784,V14784,44.2,-12.18,Fished,15,32,30,0,42,48,14,45,1510,1316,901,924,1900,1494,1564,1212,166,81,204,93,170,74,198,90,1200,3326,2315,1080,1150,2368,1520,555,127,120,120,44,131,88,88,32,-0.114369501,-0.268965517,-0.063345196,-0.134831461,0.021276596,0.207301173,0.168247278,0.321100917,14784,CELL014784,-0.114369501,Comoro Islands,FALSE,FALSE,FALSE,Unprotected,20,-0.13337417475,0.00159748275,FALSE,FALSE,FALSE,FALSE
Western Indian,Western Indian Ocean,14785,V14785,44.28,-12.26,Fished,15,0,0,0,187,294,20,51,1745,1680,781,1014,1779,1904,805,738,136,69,186,90,164,64,195,56,1130,3178,2195,1230,1090,1662,1105,915,121,115,115,41,118,61,61,30,-0.009648127,-0.015132409,-0.0625,0.157534247,0.018018018,0.33030303,0.31322314,0.146853147,14785,CELL014785,-0.009648127,Comoro Islands,FALSE,FALSE,FALSE,Unprotected,20,-0.13337417475,0.00159748275,FALSE,FALSE,FALSE,FALSE
Western Indian,Western Indian Ocean,14786,V14786,43.56,-23.22,Fished,0,0,0,0,9,24,0,0,439,402,85,120,324,200,12,9,20,15,10,11,14,6,7,2,15,226,165,60,0,266,165,30,3,8,8,3,0,10,10,2,0.150720839,0.75257732,0.335548173,0.860465116,1,0,-0.081300813,0.333333333,14786,CELL014786,0.150720839,Madagascar,FALSE,FALSE,FALSE,Unprotected,199,-0.174266899,0.28266797099999996,FALSE,FALSE,FALSE,FALSE
Western Indian,Western Indian Ocean,14787,V14787,43.64,-23.46,Fished,0,0,0,0,50,14,0,0,314,140,98,204,324,70,6,3,23,18,9,10,14,6,4,1,25,188,170,0,0,78,45,15,5,6,6,0,0,3,3,1,-0.015673981,0.884615385,0.333333333,0.971014493,1,0.581395349,0.413533835,-1,14787,CELL014787,-0.015673981,Madagascar,FALSE,FALSE,FALSE,Unprotected,199,-0.174266899,0.28266797099999996,FALSE,FALSE,FALSE,FALSE
Western Indian,Western Indian Ocean,14788,V14788,43.48,-23.06,Fished,0,0,0,0,73,138,0,0,568,684,103,153,485,596,76,234,27,18,22,20,16,12,12,11,60,216,140,135,0,166,115,90,8,8,8,6,0,6,6,6,0.078822412,0.150837989,0.06875,-0.209302326,1,0.098039216,0.130890052,0.2,14788,CELL014788,0.078822412,Madagascar,FALSE,FALSE,FALSE,Unprotected,199,-0.174266899,0.28266797099999996,FALSE,FALSE,FALSE,FALSE
Western Indian,Western Indian Ocean,14789,V14789,43.48,-23.14,Fished,0,0,0,0,54,38,0,0,490,522,56,105,460,218,36,84,20,18,14,9,19,11,13,15,30,302,205,45,0,382,255,330,3,11,11,1,0,14,14,15,0.031578947,0.217391304,0.410810811,0.111111111,1,-0.108695652,-0.116959064,-0.76,14789,CELL014789,0.031578947,Madagascar,FALSE,FALSE,FALSE,Unprotected,199,-0.174266899,0.28266797099999996,FALSE,FALSE,FALSE,FALSE
Western Indian,Western Indian Ocean,14790,V14790,43.56,-23.14,Fished,0,0,0,0,96,180,0,0,868,734,134,141,163,300,3,9,39,27,28,15,5,5,2,2,95,220,150,120,0,0,0,0,10,8,8,4,0,0,0,0,0.683802134,0.95620438,0.419729207,0.88,1,1,1,1,14790,CELL014790,0.683802134,Madagascar,FALSE,FALSE,FALSE,Unprotected,199,-0.174266899,0.28266797099999996,FALSE,TRUE,FALSE,TRUE
Western Indian,Western Indian Ocean,14791,V14791,43.56,-11.94,Fished,5,26,15,30,5,2,5,24,1540,1196,1060,1197,1590,1454,1414,1656,180,87,216,117,171,90,204,116,1620,3736,2690,1380,1005,3024,2110,1260,150,133,133,60,113,109,109,53,-0.015974441,-0.143088116,-0.097358491,-0.160883281,0.234285714,0.120833333,0.105325444,0.045454545,14791,CELL014791,-0.015974441,Comoro Islands,FALSE,FALSE,FALSE,Unprotected,20,-0.13337417475,0.00159748275,FALSE,FALSE,FALSE,FALSE
Western Indian,Western Indian Ocean,14792,V14792,43.56,-11.86,Fished,20,0,0,0,34,56,8,9,1405,1220,960,1029,2097,1720,1615,1548,178,98,208,110,178,83,214,120,1525,3658,2545,1110,1225,3018,2045,1305,161,132,132,44,113,110,110,50,-0.197601371,-0.254368932,-0.170068027,-0.201396973,0.109090909,0.108932462,0.095865788,-0.080745342,14792,CELL014792,-0.197601371,Comoro Islands,FALSE,FALSE,FALSE,Unprotected,20,-0.13337417475,0.00159748275,TRUE,FALSE,TRUE,FALSE
Western Indian,Western Indian Ocean,14793,V14793,43.08,-11.86,Fished,15,0,0,0,65,104,2,0,1248,960,1034,744,1276,946,891,474,153,59,191,71,126,60,165,52,1715,3392,2480,840,1200,2014,1335,270,136,120,120,30,100,74,74,17,-0.011093502,0.074285714,0.007345226,0.221674877,0.176672384,0.300131062,0.254901961,0.513513514,14793,CELL014793,-0.011093502,Comoro Islands,FALSE,FALSE,FALSE,Unprotected,20,-0.13337417475,0.00159748275,FALSE,FALSE,FALSE,FALSE
Western Indian,Western Indian Ocean,14794,V14794,44.52,-12.42,Fished,0,0,0,0,75,28,17,42,1402,1150,723,858,2029,1382,1374,915,143,67,190,73,183,83,203,77,1090,2988,1970,750,1360,2156,1390,405,120,110,110,34,142,80,80,22,-0.182745555,-0.310443491,-0.091627172,-0.0321489,-0.110204082,0.172619048,0.161741835,0.298701299,14794,CELL014794,-0.182745555,Comoro Islands,FALSE,FALSE,FALSE,Unprotected,20,-0.13337417475,0.00159748275,TRUE,FALSE,TRUE,FALSE
Western Indian,Western Indian Ocean,14795,V14795,43.08,-11.78,Fished,0,28,20,0,63,108,11,9,1174,808,1009,651,1144,972,795,666,145,57,203,70,139,55,164,64,1325,3554,2585,945,935,1994,1285,315,114,126,126,39,95,74,74,17,0.012942192,0.118625277,-0.092134831,-0.011389522,0.172566372,0.335917313,0.281182408,0.5,14795,CELL014795,0.012942192,Comoro Islands,FALSE,FALSE,FALSE,Unprotected,20,-0.13337417475,0.00159748275,FALSE,TRUE,FALSE,FALSE
Western Indian,Western Indian Ocean,14796,V14796,43,-11.78,Fished,0,30,25,0,13,30,2,3,1200,824,1048,846,1433,1144,1037,792,127,63,172,66,147,58,168,69,1460,3016,2240,735,1110,2374,1535,180,118,106,106,40,108,88,88,10,-0.088492214,0.005275779,-0.162601626,0.032967033,0.13618677,0.186754967,0.119109462,0.606557377,14796,CELL014796,-0.088492214,Comoro Islands,FALSE,FALSE,FALSE,Unprotected,20,-0.13337417475,0.00159748275,FALSE,FALSE,FALSE,FALSE
Western Indian,Western Indian Ocean,14797,V14797,46.44,-11.94,MPA,5,26,15,0,23,4,14,39,995,582,771,789,2059,1274,2173,1353,125,50,146,62,173,112,192,126,800,2040,1350,510,1315,2070,1375,510,88,75,75,20,113,76,76,27,-0.348395547,-0.476222826,-0.372844828,-0.263305322,-0.243498818,-0.009174312,-0.00729927,0,14797,CELL014797,-0.34839554700000003,France,FALSE,FALSE,FALSE,Unprotected,54,-0.31484398975,0.4384915245,TRUE,FALSE,TRUE,FALSE
Western Indian,Western Indian Ocean,14798,V14798,46.52,-12.02,MPA,0,28,20,0,47,28,11,9,969,550,705,564,2459,1932,2403,1965,117,42,140,67,179,128,194,123,730,2374,1635,570,1470,2088,1370,495,89,86,86,26,123,77,77,28,-0.434655776,-0.546332046,-0.556809025,-0.553973903,-0.336363636,0.088186356,0.064096818,0.070422535,14798,CELL014798,-0.434655776,France,FALSE,FALSE,FALSE,Unprotected,54,-0.31484398975,0.4384915245,TRUE,FALSE,TRUE,FALSE
Western Indian,Western Indian Ocean,14799,V14799,46.44,-12.02,MPA,5,26,15,0,43,22,9,18,1109,526,765,594,2395,1452,2074,1665,127,38,145,67,181,125,202,135,870,2536,1690,630,1700,2058,1395,525,102,93,93,29,123,75,75,28,-0.367009132,-0.461077844,-0.468149646,-0.474103586,-0.322957198,0.095623987,0.104048759,0.090909091,14799,CELL014799,-0.367009132,France,FALSE,FALSE,FALSE,Unprotected,54,-0.31484398975,0.4384915245,TRUE,FALSE,TRUE,FALSE
Western Indian,Western Indian Ocean,14800,V14800,46.2,-12.18,MPA,15,0,0,60,19,24,22,27,1174,932,759,528,1918,714,1746,1137,121,43,147,45,165,94,180,102,815,1858,1245,435,1320,2276,1490,645,85,68,68,18,125,84,84,31,-0.240620957,-0.394011976,0.132442284,-0.365765766,-0.236533958,-0.089579525,-0.101112724,-0.194444444,14800,CELL014800,-0.240620957,France,FALSE,FALSE,FALSE,Unprotected,54,-0.31484398975,0.4384915245,FALSE,FALSE,TRUE,FALSE
Western Indian,Western Indian Ocean,14801,V14801,46.2,-12.26,MPA,5,0,0,30,13,28,17,18,1358,1172,768,894,1847,950,1936,1122,137,54,162,64,166,85,188,93,930,2478,1595,750,1390,2388,1620,435,107,92,92,29,124,87,87,20,-0.152574103,-0.431952663,0.104618285,-0.113095238,-0.198275862,-0.00777605,0.018495684,0.265822785,14801,CELL014801,-0.152574103,France,FALSE,FALSE,FALSE,Unprotected,54,-0.31484398975,0.4384915245,FALSE,FALSE,FALSE,FALSE
Western Indian,Western Indian Ocean,14802,V14802,50.36,-14.98,Fished,45,42,55,225,354,274,6,42,2826,1944,1682,1410,3861,2482,2205,1368,63,33,99,48,20,11,29,23,1075,1826,1515,945,1870,1130,1275,1860,62,61,61,22,30,31,31,19,-0.154777927,-0.134551068,-0.121554451,0.01511879,-0.269949066,0.086021505,0.235453315,-0.326203209,14802,CELL014802,-0.154777927,Madagascar,FALSE,FALSE,FALSE,Unprotected,199,-0.174266899,0.28266797099999996,FALSE,FALSE,FALSE,FALSE
